<?xml version='1.0' encoding='utf-8'?>
<osm version="0.6" generator="python_custom_converter_rounded">
  <node id="1" lat="-7.1597343" lon="-34.8550007" version="1" />
  <node id="2" lat="-7.1597002" lon="-34.8550096" version="1" />
  <node id="3" lat="-7.1597004" lon="-34.8550106" version="1" />
  <node id="4" lat="-7.1597345" lon="-34.8550018" version="1" />
  <node id="5" lat="-7.1595438" lon="-34.8542601" version="1" />
  <node id="6" lat="-7.1595099" lon="-34.8542689" version="1" />
  <node id="7" lat="-7.1595101" lon="-34.85427" version="1" />
  <node id="8" lat="-7.159544" lon="-34.8542612" version="1" />
  <node id="9" lat="-7.159723" lon="-34.8546901" version="1" />
  <node id="10" lat="-7.1597158" lon="-34.8546623" version="1" />
  <node id="11" lat="-7.1596966" lon="-34.8546673" version="1" />
  <node id="12" lat="-7.1597052" lon="-34.8547007" version="1" />
  <node id="13" lat="-7.1595243" lon="-34.8539192" version="1" />
  <node id="14" lat="-7.1595171" lon="-34.8538914" version="1" />
  <node id="15" lat="-7.1594974" lon="-34.8538965" version="1" />
  <node id="16" lat="-7.159506" lon="-34.8539299" version="1" />
  <node id="17" lat="-7.158169" lon="-34.8578797" version="1" />
  <node id="18" lat="-7.1587986" lon="-34.8579903" version="1" />
  <node id="19" lat="-7.1589132" lon="-34.8580042" version="1" />
  <node id="20" lat="-7.1589811" lon="-34.857989" version="1" />
  <node id="21" lat="-7.1590138" lon="-34.8579691" version="1" />
  <node id="22" lat="-7.1590475" lon="-34.8579307" version="1" />
  <node id="23" lat="-7.1595811" lon="-34.8570273" version="1" />
  <node id="24" lat="-7.159408" lon="-34.8563621" version="1" />
  <node id="25" lat="-7.1581911" lon="-34.8578373" version="1" />
  <node id="26" lat="-7.1583173" lon="-34.8578418" version="1" />
  <node id="27" lat="-7.1585629" lon="-34.8578886" version="1" />
  <node id="28" lat="-7.1587588" lon="-34.8579232" version="1" />
  <node id="29" lat="-7.1588583" lon="-34.8579344" version="1" />
  <node id="30" lat="-7.1589413" lon="-34.8579332" version="1" />
  <node id="31" lat="-7.1589789" lon="-34.8579254" version="1" />
  <node id="32" lat="-7.1590077" lon="-34.8579026" version="1" />
  <node id="33" lat="-7.1590619" lon="-34.8578005" version="1" />
  <node id="34" lat="-7.159125" lon="-34.8575864" version="1" />
  <node id="35" lat="-7.1591615" lon="-34.8574928" version="1" />
  <node id="36" lat="-7.1594437" lon="-34.8570917" version="1" />
  <node id="37" lat="-7.1594923" lon="-34.8570327" version="1" />
  <node id="38" lat="-7.1595009" lon="-34.8570082" version="1" />
  <node id="39" lat="-7.1593386" lon="-34.8563598" version="1" />
  <node id="40" lat="-7.158733" lon="-34.8563392" version="1" />
  <node id="41" lat="-7.1585601" lon="-34.8563334" version="1" />
  <node id="42" lat="-7.1574046" lon="-34.8562941" version="1" />
  <node id="43" lat="-7.1593613" lon="-34.8560598" version="1" />
  <node id="44" lat="-7.1593705" lon="-34.8560578" version="1" />
  <node id="45" lat="-7.1594803" lon="-34.8560291" version="1" />
  <node id="46" lat="-7.1596274" lon="-34.8559905" version="1" />
  <node id="47" lat="-7.1596379" lon="-34.8560303" version="1" />
  <node id="48" lat="-7.1597824" lon="-34.8559935" version="1" />
  <node id="49" lat="-7.1602043" lon="-34.8558858" version="1" />
  <node id="50" lat="-7.1601387" lon="-34.8556089" version="1" />
  <node id="51" lat="-7.1600265" lon="-34.8556379" version="1" />
  <node id="52" lat="-7.1597824" lon="-34.8559934" version="1" />
  <node id="53" lat="-7.1597617" lon="-34.85592" version="1" />
  <node id="54" lat="-7.1594841" lon="-34.8560423" version="1" />
  <node id="55" lat="-7.1594329" lon="-34.8558642" version="1" />
  <node id="56" lat="-7.1594158" lon="-34.8558047" version="1" />
  <node id="57" lat="-7.1594673" lon="-34.8557912" version="1" />
  <node id="58" lat="-7.1593952" lon="-34.85581" version="1" />
  <node id="59" lat="-7.1593452" lon="-34.8558231" version="1" />
  <node id="60" lat="-7.1592958" lon="-34.855836" version="1" />
  <node id="61" lat="-7.1592901" lon="-34.8557997" version="1" />
  <node id="62" lat="-7.1593186" lon="-34.8557138" version="1" />
  <node id="63" lat="-7.1593077" lon="-34.8556691" version="1" />
  <node id="64" lat="-7.1592707" lon="-34.8555171" version="1" />
  <node id="65" lat="-7.1593612" lon="-34.8554939" version="1" />
  <node id="66" lat="-7.1594103" lon="-34.8554813" version="1" />
  <node id="67" lat="-7.159433" lon="-34.8554436" version="1" />
  <node id="68" lat="-7.1594527" lon="-34.8554109" version="1" />
  <node id="69" lat="-7.1594413" lon="-34.8553397" version="1" />
  <node id="70" lat="-7.159441" lon="-34.8553382" version="1" />
  <node id="71" lat="-7.1594463" lon="-34.8553139" version="1" />
  <node id="72" lat="-7.159489" lon="-34.8552529" version="1" />
  <node id="73" lat="-7.1594906" lon="-34.8552318" version="1" />
  <node id="74" lat="-7.1594732" lon="-34.855159" version="1" />
  <node id="75" lat="-7.1593904" lon="-34.8548124" version="1" />
  <node id="76" lat="-7.1595058" lon="-34.8551617" version="1" />
  <node id="77" lat="-7.1596412" lon="-34.8551252" version="1" />
  <node id="78" lat="-7.1597237" lon="-34.855103" version="1" />
  <node id="79" lat="-7.1598801" lon="-34.8550625" version="1" />
  <node id="80" lat="-7.1600505" lon="-34.8551713" version="1" />
  <node id="81" lat="-7.160064" lon="-34.8551704" version="1" />
  <node id="82" lat="-7.1599868" lon="-34.8548735" version="1" />
  <node id="83" lat="-7.1595482" lon="-34.8547706" version="1" />
  <node id="84" lat="-7.1595951" lon="-34.8549497" version="1" />
  <node id="85" lat="-7.1597218" lon="-34.8550416" version="1" />
  <node id="86" lat="-7.1597084" lon="-34.8550451" version="1" />
  <node id="87" lat="-7.1596658" lon="-34.8548237" version="1" />
  <node id="88" lat="-7.1595529" lon="-34.8547009" version="1" />
  <node id="89" lat="-7.1595261" lon="-34.8546006" version="1" />
  <node id="90" lat="-7.159506" lon="-34.8545252" version="1" />
  <node id="91" lat="-7.1594678" lon="-34.8543817" version="1" />
  <node id="92" lat="-7.1594021" lon="-34.8541356" version="1" />
  <node id="93" lat="-7.1593647" lon="-34.8539953" version="1" />
  <node id="94" lat="-7.1592613" lon="-34.8544356" version="1" />
  <node id="95" lat="-7.1594581" lon="-34.8540162" version="1" />
  <node id="96" lat="-7.1595837" lon="-34.8545046" version="1" />
  <node id="97" lat="-7.1585715" lon="-34.8560324" version="1" />
  <node id="98" lat="-7.158576" lon="-34.8559129" version="1" />
  <node id="99" lat="-7.1584656" lon="-34.8559046" version="1" />
  <node id="100" lat="-7.1584748" lon="-34.8557922" version="1" />
  <node id="101" lat="-7.1586594" lon="-34.8557669" version="1" />
  <node id="102" lat="-7.1587586" lon="-34.8557421" version="1" />
  <node id="103" lat="-7.1588991" lon="-34.8557071" version="1" />
  <node id="104" lat="-7.1590901" lon="-34.8556595" version="1" />
  <node id="105" lat="-7.1591369" lon="-34.8556478" version="1" />
  <node id="106" lat="-7.1591527" lon="-34.85571" version="1" />
  <node id="107" lat="-7.1592088" lon="-34.8556954" version="1" />
  <node id="108" lat="-7.1587407" lon="-34.8560938" version="1" />
  <node id="109" lat="-7.1596699" lon="-34.8555227" version="1" />
  <node id="110" lat="-7.1596434" lon="-34.8554279" version="1" />
  <node id="111" lat="-7.1595397" lon="-34.8554545" version="1" />
  <node id="112" lat="-7.1594359" lon="-34.8551803" version="1" />
  <node id="113" lat="-7.1592992" lon="-34.8552164" version="1" />
  <node id="114" lat="-7.1592553" lon="-34.8552103" version="1" />
  <node id="115" lat="-7.159153" lon="-34.855237" version="1" />
  <node id="116" lat="-7.1592051" lon="-34.8548362" version="1" />
  <node id="117" lat="-7.1591843" lon="-34.8548531" version="1" />
  <node id="118" lat="-7.1590603" lon="-34.8548837" version="1" />
  <node id="119" lat="-7.1590524" lon="-34.8548856" version="1" />
  <node id="120" lat="-7.1591884" lon="-34.8553719" version="1" />
  <node id="121" lat="-7.1589632" lon="-34.8545132" version="1" />
  <node id="122" lat="-7.1589112" lon="-34.8543151" version="1" />
  <node id="123" lat="-7.1588563" lon="-34.8541059" version="1" />
  <node id="124" lat="-7.1588058" lon="-34.8539132" version="1" />
  <node id="125" lat="-7.1587777" lon="-34.8537994" version="1" />
  <node id="126" lat="-7.1587787" lon="-34.853762" version="1" />
  <node id="127" lat="-7.1587988" lon="-34.8537157" version="1" />
  <node id="128" lat="-7.1588246" lon="-34.8536909" version="1" />
  <node id="129" lat="-7.1588543" lon="-34.8536778" version="1" />
  <node id="130" lat="-7.1588876" lon="-34.8536718" version="1" />
  <node id="131" lat="-7.158909" lon="-34.8537531" version="1" />
  <node id="132" lat="-7.1589219" lon="-34.8537497" version="1" />
  <node id="133" lat="-7.159833" lon="-34.8542816" version="1" />
  <node id="134" lat="-7.1597913" lon="-34.8542971" version="1" />
  <node id="135" lat="-7.1595683" lon="-34.8543554" version="1" />
  <node id="136" lat="-7.1592533" lon="-34.8544377" version="1" />
  <node id="137" lat="-7.159239" lon="-34.8544413" version="1" />
  <node id="138" lat="-7.1591321" lon="-34.8544695" version="1" />
  <node id="139" lat="-7.1591066" lon="-34.8544763" version="1" />
  <node id="140" lat="-7.1589556" lon="-34.8545152" version="1" />
  <node id="141" lat="-7.159002" lon="-34.8540571" version="1" />
  <node id="142" lat="-7.1589509" lon="-34.8540867" version="1" />
  <node id="143" lat="-7.1588663" lon="-34.8541032" version="1" />
  <node id="144" lat="-7.1588563" lon="-34.8541058" version="1" />
  <node id="145" lat="-7.1588488" lon="-34.8541068" version="1" />
  <node id="146" lat="-7.1587791" lon="-34.8541224" version="1" />
  <node id="147" lat="-7.1587006" lon="-34.85414" version="1" />
  <node id="148" lat="-7.1581571" lon="-34.8542949" version="1" />
  <node id="149" lat="-7.1580981" lon="-34.8543451" version="1" />
  <node id="150" lat="-7.1580755" lon="-34.8543494" version="1" />
  <node id="151" lat="-7.1580054" lon="-34.8543632" version="1" />
  <node id="152" lat="-7.157925" lon="-34.8543829" version="1" />
  <node id="153" lat="-7.1580196" lon="-34.8547527" version="1" />
  <node id="154" lat="-7.1580906" lon="-34.8547182" version="1" />
  <node id="155" lat="-7.1580487" lon="-34.8547334" version="1" />
  <node id="156" lat="-7.1580072" lon="-34.8547772" version="1" />
  <node id="157" lat="-7.1580034" lon="-34.8547972" version="1" />
  <node id="158" lat="-7.1597654" lon="-34.854679" version="1" />
  <node id="159" lat="-7.1598905" lon="-34.8546488" version="1" />
  <node id="160" lat="-7.1599262" lon="-34.8546402" version="1" />
  <node id="161" lat="-7.1597674" lon="-34.8542012" version="1" />
  <node id="162" lat="-7.1597703" lon="-34.8541483" version="1" />
  <node id="163" lat="-7.1597048" lon="-34.8538778" version="1" />
  <node id="164" lat="-7.1595671" lon="-34.853908" version="1" />
  <node id="165" lat="-7.1597268" lon="-34.853873" version="1" />
  <node id="166" lat="-7.1597883" lon="-34.853607" version="1" />
  <node id="167" lat="-7.1597844" lon="-34.8536186" version="1" />
  <node id="168" lat="-7.1597662" lon="-34.8536377" version="1" />
  <node id="169" lat="-7.1597677" lon="-34.8536827" version="1" />
  <node id="170" lat="-7.1597866" lon="-34.8537849" version="1" />
  <node id="171" lat="-7.159805" lon="-34.8538557" version="1" />
  <node id="172" lat="-7.1598554" lon="-34.8540495" version="1" />
  <node id="173" lat="-7.1599078" lon="-34.8542511" version="1" />
  <node id="174" lat="-7.1599434" lon="-34.8543877" version="1" />
  <node id="175" lat="-7.1599809" lon="-34.8545317" version="1" />
  <node id="176" lat="-7.1599944" lon="-34.8545836" version="1" />
  <node id="177" lat="-7.1600037" lon="-34.8546195" version="1" />
  <node id="178" lat="-7.1600317" lon="-34.854727" version="1" />
  <node id="179" lat="-7.1600502" lon="-34.8547981" version="1" />
  <node id="180" lat="-7.1599002" lon="-34.8542564" version="1" />
  <node id="181" lat="-7.1599158" lon="-34.8542456" version="1" />
  <node id="182" lat="-7.1599679" lon="-34.8541539" version="1" />
  <node id="183" lat="-7.1600102" lon="-34.8540569" version="1" />
  <node id="184" lat="-7.1600046" lon="-34.8540147" version="1" />
  <node id="185" lat="-7.1599939" lon="-34.8539804" version="1" />
  <node id="186" lat="-7.1598399" lon="-34.8538769" version="1" />
  <node id="187" lat="-7.1597955" lon="-34.8538561" version="1" />
  <node id="188" lat="-7.1600541" lon="-34.8540028" version="1" />
  <node id="189" lat="-7.1600416" lon="-34.8540058" version="1" />
  <node id="190" lat="-7.1588893" lon="-34.8545388" version="1" />
  <node id="191" lat="-7.1587046" lon="-34.854576" version="1" />
  <node id="192" lat="-7.1586802" lon="-34.8545821" version="1" />
  <node id="193" lat="-7.1584673" lon="-34.8546359" version="1" />
  <node id="194" lat="-7.1585182" lon="-34.8547447" version="1" />
  <node id="195" lat="-7.1585239" lon="-34.8547024" version="1" />
  <node id="196" lat="-7.158477" lon="-34.8546635" version="1" />
  <node id="197" lat="-7.1584736" lon="-34.8546606" version="1" />
  <node id="198" lat="-7.1584553" lon="-34.8545888" version="1" />
  <node id="199" lat="-7.1584675" lon="-34.8545856" version="1" />
  <node id="200" lat="-7.1586781" lon="-34.8545735" version="1" />
  <node id="201" lat="-7.1586674" lon="-34.8545324" version="1" />
  <node id="202" lat="-7.1586805" lon="-34.854529" version="1" />
  <node id="203" lat="-7.1587108" lon="-34.854602" version="1" />
  <node id="204" lat="-7.1587948" lon="-34.8546705" version="1" />
  <node id="205" lat="-7.1584633" lon="-34.8546899" version="1" />
  <node id="206" lat="-7.1584508" lon="-34.8546933" version="1" />
  <node id="207" lat="-7.1589024" lon="-34.8557204" version="1" />
  <node id="208" lat="-7.1600943" lon="-34.8547037" version="1" />
  <node id="209" lat="-7.1601825" lon="-34.8546815" version="1" />
  <node id="210" lat="-7.1601654" lon="-34.8546154" version="1" />
  <node id="211" lat="-7.1600955" lon="-34.8546941" version="1" />
  <node id="212" lat="-7.1601145" lon="-34.8546047" version="1" />
  <node id="213" lat="-7.1601" lon="-34.8545539" version="1" />
  <node id="214" lat="-7.1600871" lon="-34.8545032" version="1" />
  <node id="215" lat="-7.1600935" lon="-34.8545286" version="1" />
  <node id="216" lat="-7.160075" lon="-34.8544589" version="1" />
  <node id="217" lat="-7.160018" lon="-34.8543876" version="1" />
  <node id="218" lat="-7.1600826" lon="-34.8543682" version="1" />
  <node id="219" lat="-7.1600845" lon="-34.8543364" version="1" />
  <node id="220" lat="-7.160092" lon="-34.8542164" version="1" />
  <node id="221" lat="-7.1599759" lon="-34.8543967" version="1" />
  <node id="222" lat="-7.160114" lon="-34.8545502" version="1" />
  <node id="223" lat="-7.1601011" lon="-34.8544991" version="1" />
  <node id="224" lat="-7.1601076" lon="-34.8545249" version="1" />
  <node id="225" lat="-7.1593829" lon="-34.853922" version="1" />
  <node id="226" lat="-7.1593137" lon="-34.8536778" version="1" />
  <node id="227" lat="-7.1592785" lon="-34.8536878" version="1" />
  <node id="228" lat="-7.1592619" lon="-34.8536287" version="1" />
  <node id="229" lat="-7.1592618" lon="-34.8536261" version="1" />
  <node id="230" lat="-7.1591568" lon="-34.8540503" version="1" />
  <node id="231" lat="-7.1590584" lon="-34.8542734" version="1" />
  <node id="232" lat="-7.1589538" lon="-34.8538719" version="1" />
  <node id="233" lat="-7.1590217" lon="-34.8526524" version="1" />
  <node id="234" lat="-7.1590834" lon="-34.8526754" version="1" />
  <node id="235" lat="-7.1592174" lon="-34.8527393" version="1" />
  <node id="236" lat="-7.1593064" lon="-34.8527922" version="1" />
  <node id="237" lat="-7.1593665" lon="-34.852828" version="1" />
  <node id="238" lat="-7.1594478" lon="-34.8528918" version="1" />
  <node id="239" lat="-7.1592745" lon="-34.8528728" version="1" />
  <node id="240" lat="-7.1592903" lon="-34.8528418" version="1" />
  <node id="241" lat="-7.1593157" lon="-34.8527621" version="1" />
  <node id="242" lat="-7.1586415" lon="-34.8529359" version="1" />
  <node id="243" lat="-7.1586193" lon="-34.8526846" version="1" />
  <node id="244" lat="-7.1586568" lon="-34.852636" version="1" />
  <node id="245" lat="-7.1586153" lon="-34.8526744" version="1" />
  <node id="246" lat="-7.1585861" lon="-34.8526447" version="1" />
  <node id="247" lat="-7.158352" lon="-34.8549621" version="1" />
  <node id="248" lat="-7.1582477" lon="-34.8549879" version="1" />
  <node id="249" lat="-7.1598141" lon="-34.853531" version="1" />
  <node id="250" lat="-7.1598087" lon="-34.853465" version="1" />
  <node id="251" lat="-7.1597909" lon="-34.8534241" version="1" />
  <node id="252" lat="-7.1597704" lon="-34.8533508" version="1" />
  <node id="253" lat="-7.1597568" lon="-34.8532806" version="1" />
  <node id="254" lat="-7.1597818" lon="-34.8532317" version="1" />
  <node id="255" lat="-7.1598136" lon="-34.8532249" version="1" />
  <node id="256" lat="-7.1598567" lon="-34.8532415" version="1" />
  <node id="257" lat="-7.1598136" lon="-34.8531699" version="1" />
  <node id="258" lat="-7.1598925" lon="-34.8531649" version="1" />
  <node id="259" lat="-7.1607115" lon="-34.8542163" version="1" />
  <node id="260" lat="-7.1606687" lon="-34.8542037" version="1" />
  <node id="261" lat="-7.160645" lon="-34.8542089" version="1" />
  <node id="262" lat="-7.1606409" lon="-34.8541945" version="1" />
  <node id="263" lat="-7.1605189" lon="-34.8537606" version="1" />
  <node id="264" lat="-7.1605204" lon="-34.8537048" version="1" />
  <node id="265" lat="-7.1604265" lon="-34.8536239" version="1" />
  <node id="266" lat="-7.1604175" lon="-34.8535657" version="1" />
  <node id="267" lat="-7.1604107" lon="-34.8535003" version="1" />
  <node id="268" lat="-7.1604199" lon="-34.8534609" version="1" />
  <node id="269" lat="-7.1601754" lon="-34.8555988" version="1" />
  <node id="270" lat="-7.1582799" lon="-34.8538659" version="1" />
  <node id="271" lat="-7.158266" lon="-34.8538696" version="1" />
  <node id="272" lat="-7.1582373" lon="-34.853758" version="1" />
  <node id="273" lat="-7.1584198" lon="-34.8536151" version="1" />
  <node id="274" lat="-7.1584577" lon="-34.8536049" version="1" />
  <node id="275" lat="-7.1584956" lon="-34.8535948" version="1" />
  <node id="276" lat="-7.1607408" lon="-34.8535141" version="1" />
  <node id="277" lat="-7.1606868" lon="-34.8536328" version="1" />
  <node id="278" lat="-7.1607218" lon="-34.8537706" version="1" />
  <node id="279" lat="-7.160679" lon="-34.8537812" version="1" />
  <node id="280" lat="-7.1607877" lon="-34.854197" version="1" />
  <node id="281" lat="-7.1608557" lon="-34.8544572" version="1" />
  <node id="282" lat="-7.1610467" lon="-34.8544045" version="1" />
  <node id="283" lat="-7.1610006" lon="-34.8542293" version="1" />
  <node id="284" lat="-7.1610141" lon="-34.8542256" version="1" />
  <node id="285" lat="-7.1584938" lon="-34.8538123" version="1" />
  <node id="286" lat="-7.1584783" lon="-34.8538162" version="1" />
  <node id="287" lat="-7.1584594" lon="-34.8537459" version="1" />
  <node id="288" lat="-7.1584589" lon="-34.8536989" version="1" />
  <node id="289" lat="-7.1585558" lon="-34.8530179" version="1" />
  <node id="290" lat="-7.1584824" lon="-34.853088" version="1" />
  <node id="291" lat="-7.1584771" lon="-34.8530836" version="1" />
  <node id="292" lat="-7.15855" lon="-34.8530125" version="1" />
  <node id="293" lat="-7.1586438" lon="-34.8529457" version="1" />
  <node id="294" lat="-7.1599951" lon="-34.8546216" version="1" />
  <node id="295" lat="-7.1587248" lon="-34.8526218" version="1" />
  <node id="296" lat="-7.1587806" lon="-34.8526184" version="1" />
  <node id="297" lat="-7.1588668" lon="-34.8525775" version="1" />
  <node id="298" lat="-7.1589325" lon="-34.8525554" version="1" />
  <node id="299" lat="-7.1589625" lon="-34.8525524" version="1" />
  <node id="300" lat="-7.1589765" lon="-34.8525619" version="1" />
  <node id="301" lat="-7.1589804" lon="-34.8525748" version="1" />
  <node id="302" lat="-7.1589649" lon="-34.8526101" version="1" />
  <node id="303" lat="-7.1589316" lon="-34.8526618" version="1" />
  <node id="304" lat="-7.1588789" lon="-34.8527172" version="1" />
  <node id="305" lat="-7.1587208" lon="-34.8528637" version="1" />
  <node id="306" lat="-7.158698" lon="-34.8528801" version="1" />
  <node id="307" lat="-7.158677" lon="-34.8528784" version="1" />
  <node id="308" lat="-7.1586682" lon="-34.8528595" version="1" />
  <node id="309" lat="-7.1586543" lon="-34.852696" version="1" />
  <node id="310" lat="-7.1586653" lon="-34.8526678" version="1" />
  <node id="311" lat="-7.1586767" lon="-34.8526558" version="1" />
  <node id="312" lat="-7.1588869" lon="-34.8527235" version="1" />
  <node id="313" lat="-7.1584579" lon="-34.8536248" version="1" />
  <node id="314" lat="-7.1607798" lon="-34.854199" version="1" />
  <node id="315" lat="-7.1590879" lon="-34.8556508" version="1" />
  <node id="316" lat="-7.1587565" lon="-34.8557338" version="1" />
  <node id="317" lat="-7.1594243" lon="-34.8558665" version="1" />
  <node id="318" lat="-7.1592972" lon="-34.8558449" version="1" />
  <node id="319" lat="-7.1592991" lon="-34.8556714" version="1" />
  <node id="320" lat="-7.159135" lon="-34.8544804" version="1" />
  <node id="321" lat="-7.1591292" lon="-34.8544583" version="1" />
  <node id="322" lat="-7.159571" lon="-34.8543658" version="1" />
  <node id="323" lat="-7.1595654" lon="-34.8543444" version="1" />
  <node id="324" lat="-7.1590138" lon="-34.8553679" version="1" />
  <node id="325" lat="-7.1589681" lon="-34.8551939" version="1" />
  <node id="326" lat="-7.1589266" lon="-34.8550353" version="1" />
  <node id="327" lat="-7.1588973" lon="-34.8549236" version="1" />
  <node id="328" lat="-7.158881" lon="-34.8548617" version="1" />
  <node id="329" lat="-7.1588451" lon="-34.8547247" version="1" />
  <node id="330" lat="-7.1585112" lon="-34.8547804" version="1" />
  <node id="331" lat="-7.1585457" lon="-34.8549122" version="1" />
  <node id="332" lat="-7.158555" lon="-34.8549484" version="1" />
  <node id="333" lat="-7.1585995" lon="-34.8551219" version="1" />
  <node id="334" lat="-7.1586402" lon="-34.8552804" version="1" />
  <node id="335" lat="-7.1586862" lon="-34.8554598" version="1" />
  <node id="336" lat="-7.1600461" lon="-34.854803" version="1" />
  <node id="337" lat="-7.159188" lon="-34.8558957" version="1" />
  <node id="338" lat="-7.1591953" lon="-34.8559236" version="1" />
  <node id="339" lat="-7.1593063" lon="-34.8558977" version="1" />
  <node id="340" lat="-7.1593077" lon="-34.8559065" version="1" />
  <node id="341" lat="-7.1602299" lon="-34.8555177" version="1" />
  <node id="342" lat="-7.1603163" lon="-34.8554954" version="1" />
  <node id="343" lat="-7.1606344" lon="-34.8554132" version="1" />
  <node id="344" lat="-7.1602713" lon="-34.8553245" version="1" />
  <node id="345" lat="-7.1602197" lon="-34.8551283" version="1" />
  <node id="346" lat="-7.1601839" lon="-34.8549921" version="1" />
  <node id="347" lat="-7.1601483" lon="-34.854857" version="1" />
  <node id="348" lat="-7.1608601" lon="-34.8548096" version="1" />
  <node id="349" lat="-7.160775" lon="-34.8551942" version="1" />
  <node id="350" lat="-7.1581704" lon="-34.853701" version="1" />
  <node id="351" lat="-7.1581419" lon="-34.8535193" version="1" />
  <node id="352" lat="-7.1581179" lon="-34.8533657" version="1" />
  <node id="353" lat="-7.1580905" lon="-34.8531909" version="1" />
  <node id="354" lat="-7.1581124" lon="-34.8531247" version="1" />
  <node id="355" lat="-7.1578905" lon="-34.8534418" version="1" />
  <node id="356" lat="-7.1581091" lon="-34.8533673" version="1" />
  <node id="357" lat="-7.1583073" lon="-34.8533318" version="1" />
  <node id="358" lat="-7.1583672" lon="-34.8533114" version="1" />
  <node id="359" lat="-7.1578977" lon="-34.8535984" version="1" />
  <node id="360" lat="-7.1581332" lon="-34.8535213" version="1" />
  <node id="361" lat="-7.1582902" lon="-34.8534864" version="1" />
  <node id="362" lat="-7.1584596" lon="-34.8534486" version="1" />
  <node id="363" lat="-7.1584998" lon="-34.8534192" version="1" />
  <node id="364" lat="-7.1592604" lon="-34.8535542" version="1" />
  <node id="365" lat="-7.159258" lon="-34.8534371" version="1" />
  <node id="366" lat="-7.1592631" lon="-34.8531221" version="1" />
  <node id="367" lat="-7.1592439" lon="-34.8529438" version="1" />
  <node id="368" lat="-7.1592423" lon="-34.8529273" version="1" />
  <node id="369" lat="-7.1587361" lon="-34.8530558" version="1" />
  <node id="370" lat="-7.1587425" lon="-34.8530493" version="1" />
  <node id="371" lat="-7.1589558" lon="-34.8527876" version="1" />
  <node id="372" lat="-7.1589605" lon="-34.8527806" version="1" />
  <node id="373" lat="-7.1589773" lon="-34.8527907" version="1" />
  <node id="374" lat="-7.1589444" lon="-34.8527696" version="1" />
  <node id="375" lat="-7.1591791" lon="-34.8529247" version="1" />
  <node id="376" lat="-7.1591112" lon="-34.8528945" version="1" />
  <node id="377" lat="-7.159039" lon="-34.8528261" version="1" />
  <node id="378" lat="-7.1584181" lon="-34.85289" version="1" />
  <node id="379" lat="-7.1584098" lon="-34.8528833" version="1" />
  <node id="380" lat="-7.1584015" lon="-34.8528767" version="1" />
  <node id="381" lat="-7.1581908" lon="-34.8527219" version="1" />
  <node id="382" lat="-7.1584124" lon="-34.8528741" version="1" />
  <node id="383" lat="-7.1584045" lon="-34.8527987" version="1" />
  <node id="384" lat="-7.1583465" lon="-34.8526792" version="1" />
  <node id="385" lat="-7.1582814" lon="-34.8525974" version="1" />
  <node id="386" lat="-7.1583388" lon="-34.8529667" version="1" />
  <node id="387" lat="-7.158254" lon="-34.8528953" version="1" />
  <node id="388" lat="-7.1579971" lon="-34.8527177" version="1" />
  <node id="389" lat="-7.158433" lon="-34.8527407" version="1" />
  <node id="390" lat="-7.1584705" lon="-34.854934" version="1" />
  <node id="391" lat="-7.1589823" lon="-34.8549024" version="1" />
  <node id="392" lat="-7.1583441" lon="-34.8529596" version="1" />
  <node id="393" lat="-7.1584072" lon="-34.8528928" version="1" />
  <node id="394" lat="-7.1597433" lon="-34.855036" version="1" />
  <node id="395" lat="-7.1597341" lon="-34.8550001" version="1" />
  <node id="396" lat="-7.1597162" lon="-34.8549306" version="1" />
  <node id="397" lat="-7.1596983" lon="-34.854861" version="1" />
  <node id="398" lat="-7.1596815" lon="-34.8547957" version="1" />
  <node id="399" lat="-7.1596782" lon="-34.8547827" version="1" />
  <node id="400" lat="-7.1596587" lon="-34.854707" version="1" />
  <node id="401" lat="-7.1596416" lon="-34.8546403" version="1" />
  <node id="402" lat="-7.1596237" lon="-34.8545707" version="1" />
  <node id="403" lat="-7.1596058" lon="-34.8545012" version="1" />
  <node id="404" lat="-7.1596051" lon="-34.8544987" version="1" />
  <node id="405" lat="-7.1595839" lon="-34.8544161" version="1" />
  <node id="406" lat="-7.1595528" lon="-34.854295" version="1" />
  <node id="407" lat="-7.1595355" lon="-34.854228" version="1" />
  <node id="408" lat="-7.1595176" lon="-34.8541584" version="1" />
  <node id="409" lat="-7.1594997" lon="-34.8540888" version="1" />
  <node id="410" lat="-7.1594796" lon="-34.8540106" version="1" />
  <node id="411" lat="-7.1594729" lon="-34.8539847" version="1" />
  <node id="412" lat="-7.1594604" lon="-34.8539359" version="1" />
  <node id="413" lat="-7.159444" lon="-34.8538723" version="1" />
  <node id="414" lat="-7.1594284" lon="-34.8538117" version="1" />
  <node id="415" lat="-7.1594128" lon="-34.853751" version="1" />
  <node id="416" lat="-7.159405" lon="-34.8537206" version="1" />
  <node id="417" lat="-7.1595613" lon="-34.8547325" version="1" />
  <node id="418" lat="-7.1595397" lon="-34.8547381" version="1" />
  <node id="419" lat="-7.1593825" lon="-34.8547793" version="1" />
  <node id="420" lat="-7.1592235" lon="-34.8548209" version="1" />
  <node id="421" lat="-7.1593162" lon="-34.8551774" version="1" />
  <node id="422" lat="-7.1592432" lon="-34.8548968" version="1" />
  <node id="423" lat="-7.1590797" lon="-34.8542676" version="1" />
  <node id="424" lat="-7.1590432" lon="-34.8541268" version="1" />
  <node id="425" lat="-7.1590233" lon="-34.8540501" version="1" />
  <node id="426" lat="-7.1589753" lon="-34.853866" version="1" />
  <node id="427" lat="-7.1589437" lon="-34.8537446" version="1" />
  <node id="428" lat="-7.1589345" lon="-34.8537094" version="1" />
  <node id="429" lat="-7.1593909" lon="-34.8539541" version="1" />
  <node id="430" lat="-7.1593563" lon="-34.8539631" version="1" />
  <node id="431" lat="-7.1591491" lon="-34.8540172" version="1" />
  <node id="432" lat="-7.1591831" lon="-34.8558786" version="1" />
  <node id="433" lat="-7.1591369" lon="-34.8558903" version="1" />
  <node id="434" lat="-7.159085" lon="-34.8559033" version="1" />
  <node id="435" lat="-7.1589559" lon="-34.8559359" version="1" />
  <node id="436" lat="-7.158914" lon="-34.8557673" version="1" />
  <node id="437" lat="-7.1585409" lon="-34.8556176" version="1" />
  <node id="438" lat="-7.1583738" lon="-34.8549569" version="1" />
  <node id="439" lat="-7.1583595" lon="-34.8549006" version="1" />
  <node id="440" lat="-7.1586806" lon="-34.8545291" version="1" />
  <node id="441" lat="-7.1587023" lon="-34.8545241" version="1" />
  <node id="442" lat="-7.1586087" lon="-34.8541643" version="1" />
  <node id="443" lat="-7.1585157" lon="-34.8538072" version="1" />
  <node id="444" lat="-7.1585061" lon="-34.8537702" version="1" />
  <node id="445" lat="-7.1584891" lon="-34.8545801" version="1" />
  <node id="446" lat="-7.1583924" lon="-34.8542215" version="1" />
  <node id="447" lat="-7.158301" lon="-34.8538604" version="1" />
  <node id="448" lat="-7.1582925" lon="-34.8538267" version="1" />
  <node id="449" lat="-7.1582781" lon="-34.8546707" version="1" />
  <node id="450" lat="-7.1581761" lon="-34.8542787" version="1" />
  <node id="451" lat="-7.1580732" lon="-34.8538834" version="1" />
  <node id="452" lat="-7.158559" lon="-34.8526175" version="1" />
  <node id="453" lat="-7.1585677" lon="-34.8526091" version="1" />
  <node id="454" lat="-7.1586384" lon="-34.8525363" version="1" />
  <node id="455" lat="-7.1590411" lon="-34.8521219" version="1" />
  <node id="456" lat="-7.1590881" lon="-34.8520726" version="1" />
  <node id="457" lat="-7.1585974" lon="-34.8524961" version="1" />
  <node id="458" lat="-7.1586961" lon="-34.8525934" version="1" />
  <node id="459" lat="-7.1587132" lon="-34.8526103" version="1" />
  <node id="460" lat="-7.1590125" lon="-34.852091" version="1" />
  <node id="461" lat="-7.1577287" lon="-34.8539673" version="1" />
  <node id="462" lat="-7.1579431" lon="-34.8548127" version="1" />
  <node id="463" lat="-7.1579453" lon="-34.8548212" version="1" />
  <node id="464" lat="-7.1580248" lon="-34.8549441" version="1" />
  <node id="465" lat="-7.1582327" lon="-34.8557434" version="1" />
  <node id="466" lat="-7.1611739" lon="-34.8526694" version="1" />
  <node id="467" lat="-7.1589538" lon="-34.853872" version="1" />
  <node id="468" lat="-7.1597278" lon="-34.85504" version="1" />
  <node id="469" lat="-7.1597186" lon="-34.8550041" version="1" />
  <node id="470" lat="-7.1597007" lon="-34.8549346" version="1" />
  <node id="471" lat="-7.1596828" lon="-34.854865" version="1" />
  <node id="472" lat="-7.1596627" lon="-34.8547867" version="1" />
  <node id="473" lat="-7.1596447" lon="-34.8547166" version="1" />
  <node id="474" lat="-7.1596261" lon="-34.8546443" version="1" />
  <node id="475" lat="-7.1596082" lon="-34.8545748" version="1" />
  <node id="476" lat="-7.1595903" lon="-34.8545052" version="1" />
  <node id="477" lat="-7.1595684" lon="-34.8544201" version="1" />
  <node id="478" lat="-7.1595555" lon="-34.8543699" version="1" />
  <node id="479" lat="-7.15955" lon="-34.8543485" version="1" />
  <node id="480" lat="-7.1595373" lon="-34.854299" version="1" />
  <node id="481" lat="-7.1595283" lon="-34.8542641" version="1" />
  <node id="482" lat="-7.1595201" lon="-34.854232" version="1" />
  <node id="483" lat="-7.1595022" lon="-34.8541624" version="1" />
  <node id="484" lat="-7.1594842" lon="-34.8540929" version="1" />
  <node id="485" lat="-7.1594641" lon="-34.8540146" version="1" />
  <node id="486" lat="-7.1594463" lon="-34.8539455" version="1" />
  <node id="487" lat="-7.1594285" lon="-34.8538764" version="1" />
  <node id="488" lat="-7.1594129" lon="-34.8538157" version="1" />
  <node id="489" lat="-7.1593973" lon="-34.8537551" version="1" />
  <node id="490" lat="-7.1593895" lon="-34.8537247" version="1" />
  <node id="491" lat="-7.1594956" lon="-34.8560864" version="1" />
  <node id="492" lat="-7.1594405" lon="-34.856101" version="1" />
  <node id="493" lat="-7.1594479" lon="-34.8561293" version="1" />
  <node id="494" lat="-7.1594524" lon="-34.8561467" version="1" />
  <node id="495" lat="-7.1594623" lon="-34.8561847" version="1" />
  <node id="496" lat="-7.1595779" lon="-34.8560647" version="1" />
  <node id="497" lat="-7.1595854" lon="-34.8560934" version="1" />
  <node id="498" lat="-7.1595899" lon="-34.8561108" version="1" />
  <node id="499" lat="-7.1595998" lon="-34.8561484" version="1" />
  <node id="500" lat="-7.1601468" lon="-34.8545418" version="1" />
  <node id="501" lat="-7.1601404" lon="-34.8545165" version="1" />
  <node id="502" lat="-7.1601339" lon="-34.8544907" version="1" />
  <node id="503" lat="-7.160117" lon="-34.8544238" version="1" />
  <node id="504" lat="-7.1602674" lon="-34.8544838" version="1" />
  <node id="505" lat="-7.1603433" lon="-34.8544643" version="1" />
  <node id="506" lat="-7.1603609" lon="-34.8545339" version="1" />
  <node id="507" lat="-7.1606085" lon="-34.8544703" version="1" />
  <node id="508" lat="-7.1606212" lon="-34.8545206" version="1" />
  <node id="509" lat="-7.1606607" lon="-34.8545104" version="1" />
  <node id="510" lat="-7.1606649" lon="-34.8545274" version="1" />
  <node id="511" lat="-7.1603785" lon="-34.8546035" version="1" />
  <node id="512" lat="-7.1604106" lon="-34.8545953" version="1" />
  <node id="513" lat="-7.1602338" lon="-34.8543509" version="1" />
  <node id="514" lat="-7.1602075" lon="-34.8543576" version="1" />
  <node id="515" lat="-7.1606107" lon="-34.854254" version="1" />
  <node id="516" lat="-7.1606095" lon="-34.8542492" version="1" />
  <node id="517" lat="-7.1605909" lon="-34.8544007" version="1" />
  <node id="518" lat="-7.1605675" lon="-34.8543083" version="1" />
  <node id="519" lat="-7.1605452" lon="-34.8544125" version="1" />
  <node id="520" lat="-7.1587575" lon="-34.8558068" version="1" />
  <node id="521" lat="-7.1586789" lon="-34.8558269" version="1" />
  <node id="522" lat="-7.1591888" lon="-34.8558772" version="1" />
  <node id="523" lat="-7.1592406" lon="-34.8558641" version="1" />
  <node id="524" lat="-7.1592665" lon="-34.8558575" version="1" />
  <node id="525" lat="-7.1594304" lon="-34.856134" version="1" />
  <node id="526" lat="-7.159435" lon="-34.8561513" version="1" />
  <node id="527" lat="-7.1596071" lon="-34.8561062" version="1" />
  <node id="528" lat="-7.1596025" lon="-34.8560888" version="1" />
  <node id="529" lat="-7.1592385" lon="-34.8558553" version="1" />
  <node id="530" lat="-7.1591866" lon="-34.8558683" version="1" />
  <node id="531" lat="-7.1591347" lon="-34.8558813" version="1" />
  <node id="532" lat="-7.1590828" lon="-34.8558943" version="1" />
  <node id="533" lat="-7.1587631" lon="-34.8558303" version="1" />
  <node id="534" lat="-7.1597447" lon="-34.8549973" version="1" />
  <node id="535" lat="-7.1597268" lon="-34.8549278" version="1" />
  <node id="536" lat="-7.1597089" lon="-34.8548582" version="1" />
  <node id="537" lat="-7.1594545" lon="-34.8538697" version="1" />
  <node id="538" lat="-7.1594441" lon="-34.8538723" version="1" />
  <node id="539" lat="-7.1596521" lon="-34.8546375" version="1" />
  <node id="540" lat="-7.1596415" lon="-34.8546403" version="1" />
  <node id="541" lat="-7.1596343" lon="-34.854568" version="1" />
  <node id="542" lat="-7.1596164" lon="-34.8544984" version="1" />
  <node id="543" lat="-7.1595946" lon="-34.8544133" version="1" />
  <node id="544" lat="-7.1595633" lon="-34.8542922" version="1" />
  <node id="545" lat="-7.1595527" lon="-34.854295" version="1" />
  <node id="546" lat="-7.1595461" lon="-34.8542252" version="1" />
  <node id="547" lat="-7.1595283" lon="-34.8541556" version="1" />
  <node id="548" lat="-7.1595104" lon="-34.8540861" version="1" />
  <node id="549" lat="-7.1594903" lon="-34.8540078" version="1" />
  <node id="550" lat="-7.159439" lon="-34.853809" version="1" />
  <node id="551" lat="-7.1594234" lon="-34.8537483" version="1" />
  <node id="552" lat="-7.1590549" lon="-34.8541237" version="1" />
  <node id="553" lat="-7.1592551" lon="-34.8548937" version="1" />
  <node id="554" lat="-7.1597619" lon="-34.8549928" version="1" />
  <node id="555" lat="-7.1597441" lon="-34.8549232" version="1" />
  <node id="556" lat="-7.1597261" lon="-34.8548537" version="1" />
  <node id="557" lat="-7.1596887" lon="-34.8547799" version="1" />
  <node id="558" lat="-7.1596694" lon="-34.854633" version="1" />
  <node id="559" lat="-7.1596515" lon="-34.8545635" version="1" />
  <node id="560" lat="-7.1596337" lon="-34.8544939" version="1" />
  <node id="561" lat="-7.1596118" lon="-34.8544088" version="1" />
  <node id="562" lat="-7.1595806" lon="-34.8542877" version="1" />
  <node id="563" lat="-7.1595634" lon="-34.8542207" version="1" />
  <node id="564" lat="-7.1595455" lon="-34.8541511" version="1" />
  <node id="565" lat="-7.1595277" lon="-34.8540816" version="1" />
  <node id="566" lat="-7.1594719" lon="-34.8538653" version="1" />
  <node id="567" lat="-7.1594562" lon="-34.8538045" version="1" />
  <node id="568" lat="-7.1594406" lon="-34.8537438" version="1" />
  <node id="569" lat="-7.1579251" lon="-34.8579987" version="1" />
  <node id="570" lat="-7.1579952" lon="-34.8579387" version="1" />
  <node id="571" lat="-7.158032" lon="-34.8579254" version="1" />
  <node id="572" lat="-7.1580898" lon="-34.8579219" version="1" />
  <node id="573" lat="-7.1582256" lon="-34.8579369" version="1" />
  <node id="574" lat="-7.1587627" lon="-34.8580296" version="1" />
  <node id="575" lat="-7.1589082" lon="-34.858049" version="1" />
  <node id="576" lat="-7.1589599" lon="-34.8580429" version="1" />
  <node id="577" lat="-7.1590019" lon="-34.8580287" version="1" />
  <node id="578" lat="-7.1590449" lon="-34.8580031" version="1" />
  <node id="579" lat="-7.1590773" lon="-34.8579704" version="1" />
  <node id="580" lat="-7.1593125" lon="-34.8575687" version="1" />
  <node id="581" lat="-7.1596775" lon="-34.8569452" version="1" />
  <node id="582" lat="-7.1603081" lon="-34.8559712" version="1" />
  <node id="583" lat="-7.1601099" lon="-34.855205" version="1" />
  <node id="584" lat="-7.1599606" lon="-34.854631" version="1" />
  <node id="585" lat="-7.1597617" lon="-34.8538644" version="1" />
  <node id="586" lat="-7.1596998" lon="-34.8536273" version="1" />
  <node id="587" lat="-7.1594489" lon="-34.8553748" version="1" />
  <node id="588" lat="-7.1594159" lon="-34.8553832" version="1" />
  <node id="589" lat="-7.1591672" lon="-34.8554657" version="1" />
  <node id="590" lat="-7.1586744" lon="-34.8556474" version="1" />
  <node id="591" lat="-7.1584112" lon="-34.8557503" version="1" />
  <node id="592" lat="-7.1581881" lon="-34.8558195" version="1" />
  <node id="593" lat="-7.1581037" lon="-34.8558394" version="1" />
  <node id="594" lat="-7.1579145" lon="-34.8558841" version="1" />
  <node id="595" lat="-7.1575903" lon="-34.8559608" version="1" />
  <node id="596" lat="-7.1574953" lon="-34.8560218" version="1" />
  <node id="597" lat="-7.157448" lon="-34.8560823" version="1" />
  <node id="598" lat="-7.157413" lon="-34.8561389" version="1" />
  <node id="599" lat="-7.1573906" lon="-34.8562047" version="1" />
  <node id="600" lat="-7.1572207" lon="-34.8573641" version="1" />
  <node id="601" lat="-7.1572171" lon="-34.8574101" version="1" />
  <node id="602" lat="-7.1572259" lon="-34.8574614" version="1" />
  <node id="603" lat="-7.1572425" lon="-34.8574914" version="1" />
  <node id="604" lat="-7.1572749" lon="-34.8575126" version="1" />
  <node id="605" lat="-7.1578296" lon="-34.857781" version="1" />
  <node id="606" lat="-7.1577569" lon="-34.8579232" version="1" />
  <node id="607" lat="-7.1587003" lon="-34.8534378" version="1" />
  <node id="608" lat="-7.158617" lon="-34.8533537" version="1" />
  <node id="609" lat="-7.1584294" lon="-34.8531928" version="1" />
  <node id="610" lat="-7.1581" lon="-34.8529334" version="1" />
  <node id="611" lat="-7.1579178" lon="-34.852824" version="1" />
  <node id="612" lat="-7.1578924" lon="-34.852815" version="1" />
  <node id="613" lat="-7.1577145" lon="-34.8527568" version="1" />
  <node id="614" lat="-7.1570032" lon="-34.852562" version="1" />
  <node id="615" lat="-7.1568647" lon="-34.8525147" version="1" />
  <node id="616" lat="-7.1568191" lon="-34.8524848" version="1" />
  <node id="617" lat="-7.156659" lon="-34.8523317" version="1" />
  <node id="618" lat="-7.1565932" lon="-34.8522885" version="1" />
  <node id="619" lat="-7.1565319" lon="-34.8522629" version="1" />
  <node id="620" lat="-7.1563295" lon="-34.8522258" version="1" />
  <node id="621" lat="-7.1562848" lon="-34.85223" version="1" />
  <node id="622" lat="-7.1562412" lon="-34.8522485" version="1" />
  <node id="623" lat="-7.156209" lon="-34.8522724" version="1" />
  <node id="624" lat="-7.1561823" lon="-34.8523008" version="1" />
  <node id="625" lat="-7.1561612" lon="-34.8523667" version="1" />
  <node id="626" lat="-7.1560977" lon="-34.8526677" version="1" />
  <node id="627" lat="-7.1562664" lon="-34.8527139" version="1" />
  <node id="628" lat="-7.1563338" lon="-34.8524657" version="1" />
  <node id="629" lat="-7.1563663" lon="-34.8523942" version="1" />
  <node id="630" lat="-7.1564136" lon="-34.8523607" version="1" />
  <node id="631" lat="-7.1564776" lon="-34.8523509" version="1" />
  <node id="632" lat="-7.1565538" lon="-34.8523818" version="1" />
  <node id="633" lat="-7.1567447" lon="-34.8525612" version="1" />
  <node id="634" lat="-7.1567974" lon="-34.8525999" version="1" />
  <node id="635" lat="-7.1568754" lon="-34.8526309" version="1" />
  <node id="636" lat="-7.15742" lon="-34.8527862" version="1" />
  <node id="637" lat="-7.1575908" lon="-34.8528304" version="1" />
  <node id="638" lat="-7.1578257" lon="-34.8528983" version="1" />
  <node id="639" lat="-7.1579211" lon="-34.8529436" version="1" />
  <node id="640" lat="-7.1579524" lon="-34.8529663" version="1" />
  <node id="641" lat="-7.1581236" lon="-34.8530908" version="1" />
  <node id="642" lat="-7.1581883" lon="-34.8531378" version="1" />
  <node id="643" lat="-7.1583321" lon="-34.853234" version="1" />
  <node id="644" lat="-7.1583607" lon="-34.8532582" version="1" />
  <node id="645" lat="-7.1584076" lon="-34.8532977" version="1" />
  <node id="646" lat="-7.1584986" lon="-34.8533744" version="1" />
  <node id="647" lat="-7.1585307" lon="-34.8533967" version="1" />
  <node id="648" lat="-7.1586418" lon="-34.8534739" version="1" />
  <node id="649" lat="-7.1587342" lon="-34.8536418" version="1" />
  <node id="650" lat="-7.15875" lon="-34.8536386" version="1" />
  <node id="651" lat="-7.1587634" lon="-34.8536336" version="1" />
  <node id="652" lat="-7.1587791" lon="-34.8536249" version="1" />
  <node id="653" lat="-7.1587852" lon="-34.8536199" version="1" />
  <node id="654" lat="-7.158793" lon="-34.8536135" version="1" />
  <node id="655" lat="-7.1588047" lon="-34.8535999" version="1" />
  <node id="656" lat="-7.1588057" lon="-34.8535983" version="1" />
  <node id="657" lat="-7.1588147" lon="-34.8535828" version="1" />
  <node id="658" lat="-7.1588199" lon="-34.8535693" version="1" />
  <node id="659" lat="-7.1588231" lon="-34.8535553" version="1" />
  <node id="660" lat="-7.1588243" lon="-34.8535373" version="1" />
  <node id="661" lat="-7.1588228" lon="-34.8535211" version="1" />
  <node id="662" lat="-7.1588199" lon="-34.8535088" version="1" />
  <node id="663" lat="-7.1588147" lon="-34.8534953" version="1" />
  <node id="664" lat="-7.1588068" lon="-34.8534812" version="1" />
  <node id="665" lat="-7.158798" lon="-34.8534698" version="1" />
  <node id="666" lat="-7.1587835" lon="-34.8534564" version="1" />
  <node id="667" lat="-7.1587667" lon="-34.853446" version="1" />
  <node id="668" lat="-7.1587482" lon="-34.8534391" version="1" />
  <node id="669" lat="-7.1587288" lon="-34.8534358" version="1" />
  <node id="670" lat="-7.1587074" lon="-34.8534366" version="1" />
  <node id="671" lat="-7.1586968" lon="-34.8534386" version="1" />
  <node id="672" lat="-7.1586849" lon="-34.8534424" version="1" />
  <node id="673" lat="-7.1586688" lon="-34.8534503" version="1" />
  <node id="674" lat="-7.1586543" lon="-34.853461" version="1" />
  <node id="675" lat="-7.1586327" lon="-34.8534873" version="1" />
  <node id="676" lat="-7.1586246" lon="-34.8535054" version="1" />
  <node id="677" lat="-7.15862" lon="-34.8535247" version="1" />
  <node id="678" lat="-7.1586197" lon="-34.8535296" version="1" />
  <node id="679" lat="-7.158619" lon="-34.8535427" version="1" />
  <node id="680" lat="-7.1586208" lon="-34.8535588" version="1" />
  <node id="681" lat="-7.1586252" lon="-34.8535745" version="1" />
  <node id="682" lat="-7.1586318" lon="-34.8535893" version="1" />
  <node id="683" lat="-7.1586418" lon="-34.8536042" version="1" />
  <node id="684" lat="-7.1586483" lon="-34.8536108" version="1" />
  <node id="685" lat="-7.1586556" lon="-34.8536184" version="1" />
  <node id="686" lat="-7.1586719" lon="-34.8536296" version="1" />
  <node id="687" lat="-7.1586781" lon="-34.8536322" version="1" />
  <node id="688" lat="-7.1586916" lon="-34.8536381" version="1" />
  <node id="689" lat="-7.1587056" lon="-34.8536413" version="1" />
  <node id="690" lat="-7.1587199" lon="-34.8536426" version="1" />
  <node id="691" lat="-7.1597063" lon="-34.8536241" version="1" />
  <node id="692" lat="-7.1597131" lon="-34.8536195" version="1" />
  <node id="693" lat="-7.1597202" lon="-34.8536124" version="1" />
  <node id="694" lat="-7.1597263" lon="-34.8536033" version="1" />
  <node id="695" lat="-7.1597308" lon="-34.8535913" version="1" />
  <node id="696" lat="-7.1597324" lon="-34.8535786" version="1" />
  <node id="697" lat="-7.1597314" lon="-34.8535686" version="1" />
  <node id="698" lat="-7.1597282" lon="-34.853558" version="1" />
  <node id="699" lat="-7.1597237" lon="-34.8535501" version="1" />
  <node id="700" lat="-7.1597219" lon="-34.8535469" version="1" />
  <node id="701" lat="-7.1597116" lon="-34.8535366" version="1" />
  <node id="702" lat="-7.1597039" lon="-34.8535317" version="1" />
  <node id="703" lat="-7.1596955" lon="-34.8535283" version="1" />
  <node id="704" lat="-7.1596857" lon="-34.8535263" version="1" />
  <node id="705" lat="-7.1596748" lon="-34.8535263" version="1" />
  <node id="706" lat="-7.1596624" lon="-34.8535292" version="1" />
  <node id="707" lat="-7.1596503" lon="-34.8535355" version="1" />
  <node id="708" lat="-7.1596415" lon="-34.8535434" version="1" />
  <node id="709" lat="-7.1596346" lon="-34.8535531" version="1" />
  <node id="710" lat="-7.1596314" lon="-34.8535611" version="1" />
  <node id="711" lat="-7.1596298" lon="-34.853565" version="1" />
  <node id="712" lat="-7.1596281" lon="-34.8535786" version="1" />
  <node id="713" lat="-7.1596292" lon="-34.8535895" version="1" />
  <node id="714" lat="-7.1596326" lon="-34.8536" version="1" />
  <node id="715" lat="-7.159638" lon="-34.8536095" version="1" />
  <node id="716" lat="-7.1596453" lon="-34.8536177" version="1" />
  <node id="717" lat="-7.1596541" lon="-34.8536241" version="1" />
  <node id="718" lat="-7.1596658" lon="-34.8536291" version="1" />
  <node id="719" lat="-7.1596739" lon="-34.8536308" version="1" />
  <node id="720" lat="-7.159683" lon="-34.8536311" version="1" />
  <node id="721" lat="-7.159692" lon="-34.8536298" version="1" />
  <node id="722" lat="-7.1605846" lon="-34.8536168" version="1" />
  <node id="723" lat="-7.1605903" lon="-34.8536158" version="1" />
  <node id="724" lat="-7.1605953" lon="-34.8536146" version="1" />
  <node id="725" lat="-7.1606057" lon="-34.8536111" version="1" />
  <node id="726" lat="-7.1606142" lon="-34.8536071" version="1" />
  <node id="727" lat="-7.1606222" lon="-34.8536023" version="1" />
  <node id="728" lat="-7.160632" lon="-34.8535945" version="1" />
  <node id="729" lat="-7.1606407" lon="-34.8535855" version="1" />
  <node id="730" lat="-7.1606504" lon="-34.8535713" version="1" />
  <node id="731" lat="-7.1606572" lon="-34.8535554" version="1" />
  <node id="732" lat="-7.1606596" lon="-34.8535463" version="1" />
  <node id="733" lat="-7.1606612" lon="-34.8535354" version="1" />
  <node id="734" lat="-7.1606612" lon="-34.8535197" version="1" />
  <node id="735" lat="-7.1606585" lon="-34.8535043" version="1" />
  <node id="736" lat="-7.1606525" lon="-34.8534881" version="1" />
  <node id="737" lat="-7.1606445" lon="-34.8534746" version="1" />
  <node id="738" lat="-7.160632" lon="-34.8534606" version="1" />
  <node id="739" lat="-7.1606169" lon="-34.8534496" version="1" />
  <node id="740" lat="-7.1606042" lon="-34.8534435" version="1" />
  <node id="741" lat="-7.1605908" lon="-34.8534395" version="1" />
  <node id="742" lat="-7.16058" lon="-34.8534379" version="1" />
  <node id="743" lat="-7.1605706" lon="-34.8534375" version="1" />
  <node id="744" lat="-7.1605567" lon="-34.8534389" version="1" />
  <node id="745" lat="-7.1605446" lon="-34.8534419" version="1" />
  <node id="746" lat="-7.160533" lon="-34.8534466" version="1" />
  <node id="747" lat="-7.1605222" lon="-34.8534529" version="1" />
  <node id="748" lat="-7.1605079" lon="-34.853465" version="1" />
  <node id="749" lat="-7.1604972" lon="-34.8534785" version="1" />
  <node id="750" lat="-7.1604899" lon="-34.8534924" version="1" />
  <node id="751" lat="-7.1604848" lon="-34.8535089" version="1" />
  <node id="752" lat="-7.1604833" lon="-34.8535182" version="1" />
  <node id="753" lat="-7.1604828" lon="-34.8535276" version="1" />
  <node id="754" lat="-7.1604833" lon="-34.853537" version="1" />
  <node id="755" lat="-7.1604848" lon="-34.8535463" version="1" />
  <node id="756" lat="-7.1604882" lon="-34.8535584" version="1" />
  <node id="757" lat="-7.1604926" lon="-34.8535685" version="1" />
  <node id="758" lat="-7.1604999" lon="-34.8535805" version="1" />
  <node id="759" lat="-7.1605101" lon="-34.8535924" version="1" />
  <node id="760" lat="-7.1605184" lon="-34.8535995" version="1" />
  <node id="761" lat="-7.1605289" lon="-34.8536064" version="1" />
  <node id="762" lat="-7.1605387" lon="-34.8536111" version="1" />
  <node id="763" lat="-7.1605491" lon="-34.8536146" version="1" />
  <node id="764" lat="-7.1605567" lon="-34.8536163" version="1" />
  <node id="765" lat="-7.160566" lon="-34.8536174" version="1" />
  <node id="766" lat="-7.1605753" lon="-34.8536176" version="1" />
  <node id="767" lat="-7.1608058" lon="-34.8530668" version="1" />
  <node id="768" lat="-7.1608165" lon="-34.8530688" version="1" />
  <node id="769" lat="-7.1608274" lon="-34.8530687" version="1" />
  <node id="770" lat="-7.160839" lon="-34.8530662" version="1" />
  <node id="771" lat="-7.1608444" lon="-34.8530638" version="1" />
  <node id="772" lat="-7.1608498" lon="-34.8530613" version="1" />
  <node id="773" lat="-7.1608579" lon="-34.8530556" version="1" />
  <node id="774" lat="-7.1608695" lon="-34.8530421" version="1" />
  <node id="775" lat="-7.160876" lon="-34.8530276" version="1" />
  <node id="776" lat="-7.1608782" lon="-34.8530129" version="1" />
  <node id="777" lat="-7.1608771" lon="-34.853001" version="1" />
  <node id="778" lat="-7.1608733" lon="-34.8529886" version="1" />
  <node id="779" lat="-7.1608695" lon="-34.8529816" version="1" />
  <node id="780" lat="-7.1608649" lon="-34.8529751" version="1" />
  <node id="781" lat="-7.1608587" lon="-34.8529687" version="1" />
  <node id="782" lat="-7.1608523" lon="-34.8529639" version="1" />
  <node id="783" lat="-7.1608409" lon="-34.8529582" version="1" />
  <node id="784" lat="-7.1608323" lon="-34.8529558" version="1" />
  <node id="785" lat="-7.1608235" lon="-34.8529548" version="1" />
  <node id="786" lat="-7.1608126" lon="-34.8529554" version="1" />
  <node id="787" lat="-7.1608058" lon="-34.8529569" version="1" />
  <node id="788" lat="-7.1607993" lon="-34.8529593" version="1" />
  <node id="789" lat="-7.160789" lon="-34.8529651" version="1" />
  <node id="790" lat="-7.1607843" lon="-34.8529687" version="1" />
  <node id="791" lat="-7.1607793" lon="-34.8529736" version="1" />
  <node id="792" lat="-7.160775" lon="-34.8529791" version="1" />
  <node id="793" lat="-7.1607697" lon="-34.8529886" version="1" />
  <node id="794" lat="-7.1607662" lon="-34.852999" version="1" />
  <node id="795" lat="-7.1607651" lon="-34.8530059" version="1" />
  <node id="796" lat="-7.1607648" lon="-34.8530119" version="1" />
  <node id="797" lat="-7.1607652" lon="-34.8530188" version="1" />
  <node id="798" lat="-7.1607665" lon="-34.8530257" version="1" />
  <node id="799" lat="-7.1607685" lon="-34.8530323" version="1" />
  <node id="800" lat="-7.1607719" lon="-34.8530396" version="1" />
  <node id="801" lat="-7.1607768" lon="-34.853047" version="1" />
  <node id="802" lat="-7.1607828" lon="-34.8530537" version="1" />
  <node id="803" lat="-7.1607914" lon="-34.8530603" version="1" />
  <node id="804" lat="-7.1607984" lon="-34.8530641" version="1" />
  <node id="805" lat="-7.1608988" lon="-34.8550684" version="1" />
  <node id="806" lat="-7.1609246" lon="-34.854988" version="1" />
  <node id="807" lat="-7.1609339" lon="-34.85496" version="1" />
  <node id="808" lat="-7.1609161" lon="-34.8548877" version="1" />
  <node id="809" lat="-7.1608428" lon="-34.8545909" version="1" />
  <node id="810" lat="-7.1607452" lon="-34.8542077" version="1" />
  <node id="811" lat="-7.1606434" lon="-34.8534201" version="1" />
  <node id="812" lat="-7.1607898" lon="-34.8531229" version="1" />
  <node id="813" lat="-7.1604292" lon="-34.8535314" version="1" />
  <node id="814" lat="-7.1604141" lon="-34.853533" version="1" />
  <node id="815" lat="-7.1600961" lon="-34.8535524" version="1" />
  <node id="816" lat="-7.159782" lon="-34.8535689" version="1" />
  <node id="817" lat="-7.159674" lon="-34.8534683" version="1" />
  <node id="818" lat="-7.1595241" lon="-34.852955" version="1" />
  <node id="819" lat="-7.159514" lon="-34.8529195" version="1" />
  <node id="820" lat="-7.1595096" lon="-34.8528719" version="1" />
  <node id="821" lat="-7.1595186" lon="-34.8528376" version="1" />
  <node id="822" lat="-7.1596894" lon="-34.8525665" version="1" />
  <node id="823" lat="-7.1597061" lon="-34.8525118" version="1" />
  <node id="824" lat="-7.1596982" lon="-34.8524667" version="1" />
  <node id="825" lat="-7.1596456" lon="-34.8524155" version="1" />
  <node id="826" lat="-7.159358" lon="-34.852255" version="1" />
  <node id="827" lat="-7.1592775" lon="-34.8522182" version="1" />
  <node id="828" lat="-7.1592544" lon="-34.8522151" version="1" />
  <node id="829" lat="-7.1592355" lon="-34.8522257" version="1" />
  <node id="830" lat="-7.1589587" lon="-34.8527105" version="1" />
  <node id="831" lat="-7.1589466" lon="-34.8527206" version="1" />
  <node id="832" lat="-7.1589143" lon="-34.8527476" version="1" />
  <node id="833" lat="-7.1583951" lon="-34.8532254" version="1" />
  <node id="834" lat="-7.1590302" lon="-34.8527672" version="1" />
  <node id="835" lat="-7.1591611" lon="-34.8528402" version="1" />
  <node id="836" lat="-7.1592559" lon="-34.8528931" version="1" />
  <node id="837" lat="-7.1592612" lon="-34.8528965" version="1" />
  <node id="838" lat="-7.1593976" lon="-34.8529861" version="1" />
  <node id="839" lat="-7.1594557" lon="-34.8529884" version="1" />
  <node id="840" lat="-7.1595718" lon="-34.8535881" version="1" />
  <node id="841" lat="-7.1592611" lon="-34.8535902" version="1" />
  <node id="842" lat="-7.1591376" lon="-34.853591" version="1" />
  <node id="843" lat="-7.1590372" lon="-34.8535917" version="1" />
  <node id="844" lat="-7.1591392" lon="-34.8532887" version="1" />
  <node id="845" lat="-7.1591411" lon="-34.8529399" version="1" />
  <node id="846" lat="-7.1591452" lon="-34.8529098" version="1" />
  <node id="847" lat="-7.1589063" lon="-34.8535219" version="1" />
  <node id="848" lat="-7.158993" lon="-34.8533381" version="1" />
  <node id="849" lat="-7.1590132" lon="-34.8533222" version="1" />
  <node id="850" lat="-7.1590614" lon="-34.8533063" version="1" />
  <node id="851" lat="-7.1587873" lon="-34.8532898" version="1" />
  <node id="852" lat="-7.1587977" lon="-34.8532635" version="1" />
  <node id="853" lat="-7.1589808" lon="-34.8528577" version="1" />
  <node id="854" lat="-7.1590077" lon="-34.8528083" version="1" />
  <node id="855" lat="-7.1591814" lon="-34.8520585" version="1" />
  <node id="856" lat="-7.1589817" lon="-34.8518342" version="1" />
  <node id="857" lat="-7.1588494" lon="-34.8517212" version="1" />
  <node id="858" lat="-7.1587854" lon="-34.851677" version="1" />
  <node id="859" lat="-7.1587022" lon="-34.8516576" version="1" />
  <node id="860" lat="-7.1586636" lon="-34.8516691" version="1" />
  <node id="861" lat="-7.1586233" lon="-34.8517053" version="1" />
  <node id="862" lat="-7.1585488" lon="-34.8518051" version="1" />
  <node id="863" lat="-7.1582851" lon="-34.8521636" version="1" />
  <node id="864" lat="-7.1580196" lon="-34.8525955" version="1" />
  <node id="865" lat="-7.1579661" lon="-34.8526997" version="1" />
  <node id="866" lat="-7.1580901" lon="-34.8557805" version="1" />
  <node id="867" lat="-7.1580288" lon="-34.8555136" version="1" />
  <node id="868" lat="-7.1579587" lon="-34.8552557" version="1" />
  <node id="869" lat="-7.1583014" lon="-34.8553644" version="1" />
  <node id="870" lat="-7.1581726" lon="-34.8548672" version="1" />
  <node id="871" lat="-7.1580404" lon="-34.8543562" version="1" />
  <node id="872" lat="-7.1579208" lon="-34.853929" version="1" />
  <node id="873" lat="-7.1578871" lon="-34.8538113" version="1" />
  <node id="874" lat="-7.1578658" lon="-34.8536821" version="1" />
  <node id="875" lat="-7.1578626" lon="-34.8536113" version="1" />
  <node id="876" lat="-7.1578555" lon="-34.8534549" version="1" />
  <node id="877" lat="-7.1578448" lon="-34.8532194" version="1" />
  <node id="878" lat="-7.1578553" lon="-34.8531628" version="1" />
  <node id="879" lat="-7.1579044" lon="-34.8530445" version="1" />
  <node id="880" lat="-7.159018" lon="-34.8548939" version="1" />
  <node id="881" lat="-7.1589581" lon="-34.8546657" version="1" />
  <node id="882" lat="-7.1588142" lon="-34.8541146" version="1" />
  <node id="883" lat="-7.1587233" lon="-34.8537677" version="1" />
  <node id="884" lat="-7.158958" lon="-34.8546657" version="1" />
  <node id="885" lat="-7.15852" lon="-34.8536434" version="1" />
  <node id="886" lat="-7.1577327" lon="-34.8538446" version="1" />
  <node id="887" lat="-7.1588453" lon="-34.8534884" version="1" />
  <node id="888" lat="-7.1608518" lon="-34.8546272" version="1" />
  <node id="889" lat="-7.1600173" lon="-34.8548489" version="1" />
  <node id="890" lat="-7.1590171" lon="-34.8548941" version="1" />
  <node id="891" lat="-7.1594557" lon="-34.855406" version="1" />
  <node id="892" lat="-7.1609484" lon="-34.8548778" version="1" />
  <node id="893" lat="-7.1608944" lon="-34.8548944" version="1" />
  <node id="894" lat="-7.1581235" lon="-34.8557726" version="1" />
  <node id="895" lat="-7.1580583" lon="-34.855788" version="1" />
  <node id="896" lat="-7.1579231" lon="-34.8559166" version="1" />
  <node id="897" lat="-7.1579047" lon="-34.8558475" version="1" />
  <node id="898" lat="-7.1593416" lon="-34.8575856" version="1" />
  <node id="899" lat="-7.1592841" lon="-34.8575522" version="1" />
  <node id="900" lat="-7.1588147" lon="-34.8541144" version="1" />
  <way id="1" version="1">
    <nd ref="1" />
    <nd ref="2" />
    <nd ref="3" />
    <nd ref="4" />
    <tag k="highway" v="elevador" />
    <tag k="wheelchair" v="yes" />
    <tag k="layer" v="acessibilidade" />
    <tag k="path" v="C:/Users/ACER/Desktop/mapa_unipe/calcadas_acessibilidade.shp" />
  </way>
  <way id="2" version="1">
    <nd ref="5" />
    <nd ref="6" />
    <nd ref="7" />
    <nd ref="8" />
    <tag k="highway" v="elevador" />
    <tag k="wheelchair" v="yes" />
    <tag k="layer" v="acessibilidade" />
    <tag k="path" v="C:/Users/ACER/Desktop/mapa_unipe/calcadas_acessibilidade.shp" />
  </way>
  <way id="3" version="1">
    <nd ref="9" />
    <nd ref="10" />
    <nd ref="11" />
    <nd ref="12" />
    <tag k="highway" v="footway" />
    <tag k="wheelchair" v="no" />
    <tag k="layer" v="acessibilidade" />
    <tag k="path" v="C:/Users/ACER/Desktop/mapa_unipe/calcadas_acessibilidade.shp" />
  </way>
  <way id="4" version="1">
    <nd ref="13" />
    <nd ref="14" />
    <nd ref="15" />
    <nd ref="16" />
    <tag k="highway" v="footway" />
    <tag k="wheelchair" v="no" />
    <tag k="layer" v="acessibilidade" />
    <tag k="path" v="C:/Users/ACER/Desktop/mapa_unipe/calcadas_acessibilidade.shp" />
  </way>
  <way id="5" version="1">
    <nd ref="17" />
    <nd ref="18" />
    <nd ref="19" />
    <nd ref="20" />
    <nd ref="21" />
    <nd ref="22" />
    <nd ref="23" />
    <nd ref="24" />
    <tag k="highway" v="footway" />
    <tag k="layer" v="calcadas_unipe" />
    <tag k="path" v="C:/Users/ACER/Desktop/mapa_unipe/calcadas_unipe.shp" />
  </way>
  <way id="6" version="1">
    <nd ref="25" />
    <nd ref="26" />
    <nd ref="27" />
    <nd ref="28" />
    <nd ref="29" />
    <nd ref="30" />
    <nd ref="31" />
    <nd ref="32" />
    <nd ref="33" />
    <nd ref="34" />
    <nd ref="35" />
    <nd ref="36" />
    <nd ref="37" />
    <nd ref="38" />
    <nd ref="39" />
    <tag k="highway" v="footway" />
    <tag k="layer" v="calcadas_unipe" />
    <tag k="path" v="C:/Users/ACER/Desktop/mapa_unipe/calcadas_unipe.shp" />
  </way>
  <way id="7" version="1">
    <nd ref="24" />
    <nd ref="39" />
    <nd ref="40" />
    <nd ref="41" />
    <nd ref="42" />
    <tag k="highway" v="footway" />
    <tag k="layer" v="calcadas_unipe" />
    <tag k="path" v="C:/Users/ACER/Desktop/mapa_unipe/calcadas_unipe.shp" />
  </way>
  <way id="8" version="1">
    <nd ref="24" />
    <nd ref="43" />
    <nd ref="44" />
    <nd ref="45" />
    <nd ref="46" />
    <nd ref="47" />
    <nd ref="48" />
    <nd ref="49" />
    <nd ref="50" />
    <nd ref="51" />
    <tag k="highway" v="footway" />
    <tag k="layer" v="calcadas_unipe" />
    <tag k="path" v="C:/Users/ACER/Desktop/mapa_unipe/calcadas_unipe.shp" />
  </way>
  <way id="9" version="1">
    <nd ref="52" />
    <nd ref="53" />
    <tag k="highway" v="footway" />
    <tag k="layer" v="calcadas_unipe" />
    <tag k="path" v="C:/Users/ACER/Desktop/mapa_unipe/calcadas_unipe.shp" />
  </way>
  <way id="10" version="1">
    <nd ref="54" />
    <nd ref="45" />
    <nd ref="55" />
    <nd ref="56" />
    <tag k="highway" v="footway" />
    <tag k="layer" v="calcadas_unipe" />
    <tag k="path" v="C:/Users/ACER/Desktop/mapa_unipe/calcadas_unipe.shp" />
  </way>
  <way id="11" version="1">
    <nd ref="57" />
    <nd ref="56" />
    <nd ref="58" />
    <nd ref="59" />
    <nd ref="60" />
    <nd ref="61" />
    <nd ref="62" />
    <tag k="highway" v="footway" />
    <tag k="layer" v="calcadas_unipe" />
    <tag k="path" v="C:/Users/ACER/Desktop/mapa_unipe/calcadas_unipe.shp" />
  </way>
  <way id="12" version="1">
    <nd ref="59" />
    <nd ref="62" />
    <nd ref="63" />
    <nd ref="64" />
    <nd ref="65" />
    <tag k="highway" v="footway" />
    <tag k="layer" v="calcadas_unipe" />
    <tag k="path" v="C:/Users/ACER/Desktop/mapa_unipe/calcadas_unipe.shp" />
  </way>
  <way id="13" version="1">
    <nd ref="58" />
    <nd ref="65" />
    <nd ref="66" />
    <nd ref="67" />
    <nd ref="68" />
    <tag k="highway" v="footway" />
    <tag k="layer" v="calcadas_unipe" />
    <tag k="path" v="C:/Users/ACER/Desktop/mapa_unipe/calcadas_unipe.shp" />
  </way>
  <way id="14" version="1">
    <nd ref="69" />
    <nd ref="70" />
    <nd ref="71" />
    <nd ref="72" />
    <nd ref="73" />
    <nd ref="74" />
    <nd ref="75" />
    <tag k="highway" v="footway" />
    <tag k="layer" v="calcadas_unipe" />
    <tag k="path" v="C:/Users/ACER/Desktop/mapa_unipe/calcadas_unipe.shp" />
  </way>
  <way id="15" version="1">
    <nd ref="74" />
    <nd ref="76" />
    <nd ref="77" />
    <nd ref="78" />
    <nd ref="79" />
    <tag k="highway" v="footway" />
    <tag k="layer" v="calcadas_unipe" />
    <tag k="path" v="C:/Users/ACER/Desktop/mapa_unipe/calcadas_unipe.shp" />
  </way>
  <way id="16" version="1">
    <nd ref="79" />
    <nd ref="80" />
    <nd ref="81" />
    <tag k="highway" v="footway" />
    <tag k="layer" v="calcadas_unipe" />
    <tag k="path" v="C:/Users/ACER/Desktop/mapa_unipe/calcadas_unipe.shp" />
  </way>
  <way id="17" version="1">
    <nd ref="79" />
    <nd ref="82" />
    <tag k="highway" v="footway" />
    <tag k="layer" v="calcadas_unipe" />
    <tag k="path" v="C:/Users/ACER/Desktop/mapa_unipe/calcadas_unipe.shp" />
  </way>
  <way id="18" version="1">
    <nd ref="83" />
    <nd ref="84" />
    <nd ref="77" />
    <tag k="highway" v="footway" />
    <tag k="layer" v="calcadas_unipe" />
    <tag k="path" v="C:/Users/ACER/Desktop/mapa_unipe/calcadas_unipe.shp" />
  </way>
  <way id="19" version="1">
    <nd ref="85" />
    <nd ref="86" />
    <nd ref="78" />
    <tag k="highway" v="footway" />
    <tag k="layer" v="calcadas_unipe" />
    <tag k="path" v="C:/Users/ACER/Desktop/mapa_unipe/calcadas_unipe.shp" />
  </way>
  <way id="20" version="1">
    <nd ref="87" />
    <nd ref="84" />
    <tag k="highway" v="footway" />
    <tag k="layer" v="calcadas_unipe" />
    <tag k="path" v="C:/Users/ACER/Desktop/mapa_unipe/calcadas_unipe.shp" />
  </way>
  <way id="21" version="1">
    <nd ref="88" />
    <nd ref="89" />
    <nd ref="90" />
    <nd ref="91" />
    <nd ref="92" />
    <nd ref="93" />
    <tag k="highway" v="footway" />
    <tag k="layer" v="calcadas_unipe" />
    <tag k="path" v="C:/Users/ACER/Desktop/mapa_unipe/calcadas_unipe.shp" />
  </way>
  <way id="22" version="1">
    <nd ref="92" />
    <nd ref="94" />
    <nd ref="89" />
    <tag k="highway" v="footway" />
    <tag k="layer" v="calcadas_unipe" />
    <tag k="path" v="C:/Users/ACER/Desktop/mapa_unipe/calcadas_unipe.shp" />
  </way>
  <way id="23" version="1">
    <nd ref="95" />
    <nd ref="92" />
    <tag k="highway" v="footway" />
    <tag k="layer" v="calcadas_unipe" />
    <tag k="path" v="C:/Users/ACER/Desktop/mapa_unipe/calcadas_unipe.shp" />
  </way>
  <way id="24" version="1">
    <nd ref="96" />
    <nd ref="90" />
    <tag k="highway" v="footway" />
    <tag k="layer" v="calcadas_unipe" />
    <tag k="path" v="C:/Users/ACER/Desktop/mapa_unipe/calcadas_unipe.shp" />
  </way>
  <way id="25" version="1">
    <nd ref="41" />
    <nd ref="97" />
    <nd ref="98" />
    <nd ref="99" />
    <nd ref="100" />
    <nd ref="101" />
    <nd ref="102" />
    <nd ref="103" />
    <nd ref="104" />
    <nd ref="105" />
    <nd ref="106" />
    <nd ref="107" />
    <tag k="highway" v="footway" />
    <tag k="layer" v="calcadas_unipe" />
    <tag k="path" v="C:/Users/ACER/Desktop/mapa_unipe/calcadas_unipe.shp" />
  </way>
  <way id="26" version="1">
    <nd ref="40" />
    <nd ref="108" />
    <nd ref="97" />
    <tag k="highway" v="footway" />
    <tag k="layer" v="calcadas_unipe" />
    <tag k="path" v="C:/Users/ACER/Desktop/mapa_unipe/calcadas_unipe.shp" />
  </way>
  <way id="27" version="1">
    <nd ref="109" />
    <nd ref="110" />
    <nd ref="111" />
    <nd ref="67" />
    <tag k="highway" v="footway" />
    <tag k="layer" v="calcadas_unipe" />
    <tag k="path" v="C:/Users/ACER/Desktop/mapa_unipe/calcadas_unipe.shp" />
  </way>
  <way id="28" version="1">
    <nd ref="74" />
    <nd ref="112" />
    <nd ref="113" />
    <nd ref="114" />
    <nd ref="115" />
    <tag k="highway" v="footway" />
    <tag k="layer" v="calcadas_unipe" />
    <tag k="path" v="C:/Users/ACER/Desktop/mapa_unipe/calcadas_unipe.shp" />
  </way>
  <way id="29" version="1">
    <nd ref="116" />
    <nd ref="117" />
    <nd ref="118" />
    <nd ref="119" />
    <tag k="highway" v="footway" />
    <tag k="layer" v="calcadas_unipe" />
    <tag k="path" v="C:/Users/ACER/Desktop/mapa_unipe/calcadas_unipe.shp" />
  </way>
  <way id="30" version="1">
    <nd ref="114" />
    <nd ref="120" />
    <tag k="highway" v="footway" />
    <tag k="layer" v="calcadas_unipe" />
    <tag k="path" v="C:/Users/ACER/Desktop/mapa_unipe/calcadas_unipe.shp" />
  </way>
  <way id="31" version="1">
    <nd ref="120" />
    <nd ref="115" />
    <nd ref="118" />
    <nd ref="121" />
    <nd ref="122" />
    <nd ref="123" />
    <nd ref="124" />
    <nd ref="125" />
    <nd ref="126" />
    <nd ref="127" />
    <nd ref="128" />
    <nd ref="129" />
    <nd ref="130" />
    <nd ref="131" />
    <nd ref="132" />
    <tag k="highway" v="footway" />
    <tag k="layer" v="calcadas_unipe" />
    <tag k="path" v="C:/Users/ACER/Desktop/mapa_unipe/calcadas_unipe.shp" />
  </way>
  <way id="32" version="1">
    <nd ref="133" />
    <nd ref="134" />
    <nd ref="135" />
    <nd ref="91" />
    <nd ref="94" />
    <nd ref="136" />
    <nd ref="137" />
    <nd ref="138" />
    <nd ref="139" />
    <nd ref="121" />
    <nd ref="140" />
    <tag k="highway" v="footway" />
    <tag k="layer" v="calcadas_unipe" />
    <tag k="path" v="C:/Users/ACER/Desktop/mapa_unipe/calcadas_unipe.shp" />
  </way>
  <way id="33" version="1">
    <nd ref="141" />
    <nd ref="142" />
    <nd ref="143" />
    <nd ref="144" />
    <nd ref="145" />
    <tag k="highway" v="footway" />
    <tag k="layer" v="calcadas_unipe" />
    <tag k="path" v="C:/Users/ACER/Desktop/mapa_unipe/calcadas_unipe.shp" />
  </way>
  <way id="34" version="1">
    <nd ref="146" />
    <nd ref="147" />
    <tag k="highway" v="footway" />
    <tag k="layer" v="calcadas_unipe" />
    <tag k="path" v="C:/Users/ACER/Desktop/mapa_unipe/calcadas_unipe.shp" />
  </way>
  <way id="35" version="1">
    <nd ref="148" />
    <nd ref="149" />
    <nd ref="150" />
    <tag k="highway" v="footway" />
    <tag k="layer" v="calcadas_unipe" />
    <tag k="path" v="C:/Users/ACER/Desktop/mapa_unipe/calcadas_unipe.shp" />
  </way>
  <way id="36" version="1">
    <nd ref="151" />
    <nd ref="152" />
    <nd ref="153" />
    <tag k="highway" v="footway" />
    <tag k="layer" v="calcadas_unipe" />
    <tag k="path" v="C:/Users/ACER/Desktop/mapa_unipe/calcadas_unipe.shp" />
  </way>
  <way id="37" version="1">
    <nd ref="154" />
    <nd ref="155" />
    <nd ref="153" />
    <nd ref="156" />
    <nd ref="157" />
    <tag k="highway" v="footway" />
    <tag k="layer" v="calcadas_unipe" />
    <tag k="path" v="C:/Users/ACER/Desktop/mapa_unipe/calcadas_unipe.shp" />
  </way>
  <way id="38" version="1">
    <nd ref="158" />
    <nd ref="159" />
    <nd ref="160" />
    <tag k="highway" v="footway" />
    <tag k="layer" v="calcadas_unipe" />
    <tag k="path" v="C:/Users/ACER/Desktop/mapa_unipe/calcadas_unipe.shp" />
  </way>
  <way id="39" version="1">
    <nd ref="159" />
    <nd ref="134" />
    <nd ref="161" />
    <nd ref="162" />
    <nd ref="163" />
    <tag k="highway" v="footway" />
    <tag k="layer" v="calcadas_unipe" />
    <tag k="path" v="C:/Users/ACER/Desktop/mapa_unipe/calcadas_unipe.shp" />
  </way>
  <way id="40" version="1">
    <nd ref="164" />
    <nd ref="163" />
    <nd ref="165" />
    <tag k="highway" v="footway" />
    <tag k="layer" v="calcadas_unipe" />
    <tag k="path" v="C:/Users/ACER/Desktop/mapa_unipe/calcadas_unipe.shp" />
  </way>
  <way id="41" version="1">
    <nd ref="166" />
    <nd ref="167" />
    <nd ref="168" />
    <nd ref="169" />
    <nd ref="170" />
    <nd ref="171" />
    <nd ref="172" />
    <nd ref="173" />
    <nd ref="174" />
    <nd ref="175" />
    <nd ref="176" />
    <nd ref="177" />
    <nd ref="178" />
    <nd ref="179" />
    <tag k="highway" v="footway" />
    <tag k="layer" v="calcadas_unipe" />
    <tag k="path" v="C:/Users/ACER/Desktop/mapa_unipe/calcadas_unipe.shp" />
  </way>
  <way id="42" version="1">
    <nd ref="180" />
    <nd ref="173" />
    <nd ref="181" />
    <nd ref="182" />
    <nd ref="183" />
    <nd ref="184" />
    <nd ref="185" />
    <nd ref="186" />
    <nd ref="171" />
    <nd ref="187" />
    <tag k="highway" v="footway" />
    <tag k="layer" v="calcadas_unipe" />
    <tag k="path" v="C:/Users/ACER/Desktop/mapa_unipe/calcadas_unipe.shp" />
  </way>
  <way id="43" version="1">
    <nd ref="188" />
    <nd ref="189" />
    <nd ref="184" />
    <nd ref="172" />
    <tag k="highway" v="footway" />
    <tag k="layer" v="calcadas_unipe" />
    <tag k="path" v="C:/Users/ACER/Desktop/mapa_unipe/calcadas_unipe.shp" />
  </way>
  <way id="44" version="1">
    <nd ref="190" />
    <nd ref="191" />
    <nd ref="192" />
    <nd ref="193" />
    <tag k="highway" v="footway" />
    <tag k="layer" v="calcadas_unipe" />
    <tag k="path" v="C:/Users/ACER/Desktop/mapa_unipe/calcadas_unipe.shp" />
  </way>
  <way id="45" version="1">
    <nd ref="194" />
    <nd ref="195" />
    <nd ref="196" />
    <nd ref="197" />
    <nd ref="193" />
    <nd ref="198" />
    <nd ref="199" />
    <tag k="highway" v="footway" />
    <tag k="layer" v="calcadas_unipe" />
    <tag k="path" v="C:/Users/ACER/Desktop/mapa_unipe/calcadas_unipe.shp" />
  </way>
  <way id="46" version="1">
    <nd ref="192" />
    <nd ref="200" />
    <nd ref="201" />
    <nd ref="202" />
    <tag k="highway" v="footway" />
    <tag k="layer" v="calcadas_unipe" />
    <tag k="path" v="C:/Users/ACER/Desktop/mapa_unipe/calcadas_unipe.shp" />
  </way>
  <way id="47" version="1">
    <nd ref="191" />
    <nd ref="203" />
    <nd ref="204" />
    <tag k="highway" v="footway" />
    <tag k="layer" v="calcadas_unipe" />
    <tag k="path" v="C:/Users/ACER/Desktop/mapa_unipe/calcadas_unipe.shp" />
  </way>
  <way id="48" version="1">
    <nd ref="196" />
    <nd ref="205" />
    <nd ref="206" />
    <tag k="highway" v="footway" />
    <tag k="layer" v="calcadas_unipe" />
    <tag k="path" v="C:/Users/ACER/Desktop/mapa_unipe/calcadas_unipe.shp" />
  </way>
  <way id="49" version="1">
    <nd ref="103" />
    <nd ref="207" />
    <tag k="highway" v="footway" />
    <tag k="layer" v="calcadas_unipe" />
    <tag k="path" v="C:/Users/ACER/Desktop/mapa_unipe/calcadas_unipe.shp" />
  </way>
  <way id="50" version="1">
    <nd ref="178" />
    <nd ref="208" />
    <nd ref="209" />
    <nd ref="210" />
    <tag k="highway" v="footway" />
    <tag k="layer" v="calcadas_unipe" />
    <tag k="path" v="C:/Users/ACER/Desktop/mapa_unipe/calcadas_unipe.shp" />
  </way>
  <way id="51" version="1">
    <nd ref="208" />
    <nd ref="211" />
    <nd ref="212" />
    <nd ref="213" />
    <nd ref="176" />
    <tag k="highway" v="footway" />
    <tag k="layer" v="calcadas_unipe" />
    <tag k="path" v="C:/Users/ACER/Desktop/mapa_unipe/calcadas_unipe.shp" />
  </way>
  <way id="52" version="1">
    <nd ref="175" />
    <nd ref="214" />
    <nd ref="215" />
    <nd ref="213" />
    <tag k="highway" v="footway" />
    <tag k="layer" v="calcadas_unipe" />
    <tag k="path" v="C:/Users/ACER/Desktop/mapa_unipe/calcadas_unipe.shp" />
  </way>
  <way id="53" version="1">
    <nd ref="214" />
    <nd ref="216" />
    <nd ref="217" />
    <nd ref="218" />
    <nd ref="219" />
    <nd ref="220" />
    <nd ref="189" />
    <tag k="highway" v="footway" />
    <tag k="layer" v="calcadas_unipe" />
    <tag k="path" v="C:/Users/ACER/Desktop/mapa_unipe/calcadas_unipe.shp" />
  </way>
  <way id="54" version="1">
    <nd ref="217" />
    <nd ref="221" />
    <nd ref="174" />
    <tag k="highway" v="footway" />
    <tag k="layer" v="calcadas_unipe" />
    <tag k="path" v="C:/Users/ACER/Desktop/mapa_unipe/calcadas_unipe.shp" />
  </way>
  <way id="55" version="1">
    <nd ref="213" />
    <nd ref="222" />
    <tag k="highway" v="footway" />
    <tag k="layer" v="calcadas_unipe" />
    <tag k="path" v="C:/Users/ACER/Desktop/mapa_unipe/calcadas_unipe.shp" />
  </way>
  <way id="56" version="1">
    <nd ref="214" />
    <nd ref="223" />
    <tag k="highway" v="footway" />
    <tag k="layer" v="calcadas_unipe" />
    <tag k="path" v="C:/Users/ACER/Desktop/mapa_unipe/calcadas_unipe.shp" />
  </way>
  <way id="57" version="1">
    <nd ref="215" />
    <nd ref="224" />
    <tag k="highway" v="footway" />
    <tag k="layer" v="calcadas_unipe" />
    <tag k="path" v="C:/Users/ACER/Desktop/mapa_unipe/calcadas_unipe.shp" />
  </way>
  <way id="58" version="1">
    <nd ref="225" />
    <nd ref="226" />
    <nd ref="227" />
    <nd ref="228" />
    <nd ref="229" />
    <tag k="highway" v="footway" />
    <tag k="layer" v="calcadas_unipe" />
    <tag k="path" v="C:/Users/ACER/Desktop/mapa_unipe/calcadas_unipe.shp" />
  </way>
  <way id="59" version="1">
    <nd ref="136" />
    <nd ref="230" />
    <tag k="highway" v="footway" />
    <tag k="layer" v="calcadas_unipe" />
    <tag k="path" v="C:/Users/ACER/Desktop/mapa_unipe/calcadas_unipe.shp" />
  </way>
  <way id="60" version="1">
    <nd ref="231" />
    <nd ref="122" />
    <tag k="highway" v="footway" />
    <tag k="layer" v="calcadas_unipe" />
    <tag k="path" v="C:/Users/ACER/Desktop/mapa_unipe/calcadas_unipe.shp" />
  </way>
  <way id="61" version="1">
    <nd ref="124" />
    <nd ref="232" />
    <tag k="highway" v="footway" />
    <tag k="layer" v="calcadas_unipe" />
    <tag k="path" v="C:/Users/ACER/Desktop/mapa_unipe/calcadas_unipe.shp" />
  </way>
  <way id="62" version="1">
    <nd ref="233" />
    <nd ref="234" />
    <nd ref="235" />
    <nd ref="236" />
    <nd ref="237" />
    <nd ref="238" />
    <tag k="highway" v="footway" />
    <tag k="layer" v="calcadas_unipe" />
    <tag k="path" v="C:/Users/ACER/Desktop/mapa_unipe/calcadas_unipe.shp" />
  </way>
  <way id="63" version="1">
    <nd ref="239" />
    <nd ref="240" />
    <nd ref="236" />
    <nd ref="241" />
    <tag k="highway" v="footway" />
    <tag k="layer" v="calcadas_unipe" />
    <tag k="path" v="C:/Users/ACER/Desktop/mapa_unipe/calcadas_unipe.shp" />
  </way>
  <way id="64" version="1">
    <nd ref="242" />
    <nd ref="243" />
    <nd ref="244" />
    <tag k="highway" v="footway" />
    <tag k="layer" v="calcadas_unipe" />
    <tag k="path" v="C:/Users/ACER/Desktop/mapa_unipe/calcadas_unipe.shp" />
  </way>
  <way id="65" version="1">
    <nd ref="243" />
    <nd ref="245" />
    <nd ref="246" />
    <tag k="highway" v="footway" />
    <tag k="layer" v="calcadas_unipe" />
    <tag k="path" v="C:/Users/ACER/Desktop/mapa_unipe/calcadas_unipe.shp" />
  </way>
  <way id="66" version="1">
    <nd ref="247" />
    <nd ref="248" />
    <tag k="highway" v="footway" />
    <tag k="layer" v="calcadas_unipe" />
    <tag k="path" v="C:/Users/ACER/Desktop/mapa_unipe/calcadas_unipe.shp" />
  </way>
  <way id="67" version="1">
    <nd ref="249" />
    <nd ref="250" />
    <nd ref="251" />
    <nd ref="252" />
    <nd ref="253" />
    <nd ref="254" />
    <nd ref="255" />
    <nd ref="256" />
    <tag k="highway" v="footway" />
    <tag k="layer" v="calcadas_unipe" />
    <tag k="path" v="C:/Users/ACER/Desktop/mapa_unipe/calcadas_unipe.shp" />
  </way>
  <way id="68" version="1">
    <nd ref="254" />
    <nd ref="257" />
    <nd ref="258" />
    <tag k="highway" v="footway" />
    <tag k="layer" v="calcadas_unipe" />
    <tag k="path" v="C:/Users/ACER/Desktop/mapa_unipe/calcadas_unipe.shp" />
  </way>
  <way id="69" version="1">
    <nd ref="259" />
    <nd ref="260" />
    <nd ref="261" />
    <nd ref="262" />
    <nd ref="263" />
    <nd ref="264" />
    <nd ref="265" />
    <nd ref="266" />
    <tag k="highway" v="footway" />
    <tag k="layer" v="calcadas_unipe" />
    <tag k="path" v="C:/Users/ACER/Desktop/mapa_unipe/calcadas_unipe.shp" />
  </way>
  <way id="70" version="1">
    <nd ref="267" />
    <nd ref="268" />
    <tag k="highway" v="footway" />
    <tag k="layer" v="calcadas_unipe" />
    <tag k="path" v="C:/Users/ACER/Desktop/mapa_unipe/calcadas_unipe.shp" />
  </way>
  <way id="71" version="1">
    <nd ref="50" />
    <nd ref="269" />
    <tag k="highway" v="footway" />
    <tag k="layer" v="calcadas_unipe" />
    <tag k="path" v="C:/Users/ACER/Desktop/mapa_unipe/calcadas_unipe.shp" />
  </way>
  <way id="72" version="1">
    <nd ref="270" />
    <nd ref="271" />
    <nd ref="272" />
    <tag k="highway" v="footway" />
    <tag k="layer" v="calcadas_unipe" />
    <tag k="path" v="C:/Users/ACER/Desktop/mapa_unipe/calcadas_unipe.shp" />
  </way>
  <way id="73" version="1">
    <nd ref="273" />
    <nd ref="274" />
    <nd ref="275" />
    <tag k="highway" v="footway" />
    <tag k="layer" v="calcadas_unipe" />
    <tag k="path" v="C:/Users/ACER/Desktop/mapa_unipe/calcadas_unipe.shp" />
  </way>
  <way id="74" version="1">
    <nd ref="276" />
    <nd ref="277" />
    <nd ref="278" />
    <nd ref="279" />
    <nd ref="280" />
    <nd ref="281" />
    <nd ref="282" />
    <nd ref="283" />
    <nd ref="284" />
    <tag k="highway" v="footway" />
    <tag k="layer" v="calcadas_unipe" />
    <tag k="path" v="C:/Users/ACER/Desktop/mapa_unipe/calcadas_unipe.shp" />
  </way>
  <way id="75" version="1">
    <nd ref="285" />
    <nd ref="286" />
    <nd ref="287" />
    <nd ref="288" />
    <tag k="highway" v="footway" />
    <tag k="layer" v="calcadas_unipe" />
    <tag k="path" v="C:/Users/ACER/Desktop/mapa_unipe/calcadas_unipe.shp" />
  </way>
  <way id="76" version="1">
    <nd ref="262" />
    <nd ref="219" />
    <tag k="highway" v="footway" />
    <tag k="layer" v="calcadas_unipe" />
    <tag k="path" v="C:/Users/ACER/Desktop/mapa_unipe/calcadas_unipe.shp" />
  </way>
  <way id="77" version="1">
    <nd ref="242" />
    <nd ref="289" />
    <nd ref="290" />
    <nd ref="291" />
    <tag k="highway" v="footway" />
    <tag k="layer" v="calcadas_unipe" />
    <tag k="path" v="C:/Users/ACER/Desktop/mapa_unipe/calcadas_unipe.shp" />
  </way>
  <way id="78" version="1">
    <nd ref="292" />
    <nd ref="289" />
    <tag k="highway" v="footway" />
    <tag k="layer" v="calcadas_unipe" />
    <tag k="path" v="C:/Users/ACER/Desktop/mapa_unipe/calcadas_unipe.shp" />
  </way>
  <way id="79" version="1">
    <nd ref="242" />
    <nd ref="293" />
    <tag k="highway" v="footway" />
    <tag k="layer" v="calcadas_unipe" />
    <tag k="path" v="C:/Users/ACER/Desktop/mapa_unipe/calcadas_unipe.shp" />
  </way>
  <way id="80" version="1">
    <nd ref="177" />
    <nd ref="294" />
    <tag k="highway" v="footway" />
    <tag k="layer" v="calcadas_unipe" />
    <tag k="path" v="C:/Users/ACER/Desktop/mapa_unipe/calcadas_unipe.shp" />
  </way>
  <way id="81" version="1">
    <nd ref="295" />
    <nd ref="296" />
    <nd ref="297" />
    <nd ref="298" />
    <nd ref="299" />
    <nd ref="300" />
    <nd ref="301" />
    <nd ref="302" />
    <nd ref="303" />
    <nd ref="304" />
    <nd ref="305" />
    <nd ref="306" />
    <nd ref="307" />
    <nd ref="308" />
    <nd ref="309" />
    <nd ref="310" />
    <nd ref="311" />
    <tag k="highway" v="footway" />
    <tag k="layer" v="calcadas_unipe" />
    <tag k="path" v="C:/Users/ACER/Desktop/mapa_unipe/calcadas_unipe.shp" />
  </way>
  <way id="82" version="1">
    <nd ref="304" />
    <nd ref="312" />
    <tag k="highway" v="footway" />
    <tag k="layer" v="calcadas_unipe" />
    <tag k="path" v="C:/Users/ACER/Desktop/mapa_unipe/calcadas_unipe.shp" />
  </way>
  <way id="83" version="1">
    <nd ref="274" />
    <nd ref="313" />
    <tag k="highway" v="footway" />
    <tag k="layer" v="calcadas_unipe" />
    <tag k="path" v="C:/Users/ACER/Desktop/mapa_unipe/calcadas_unipe.shp" />
  </way>
  <way id="84" version="1">
    <nd ref="280" />
    <nd ref="314" />
    <tag k="highway" v="footway" />
    <tag k="layer" v="calcadas_unipe" />
    <tag k="path" v="C:/Users/ACER/Desktop/mapa_unipe/calcadas_unipe.shp" />
  </way>
  <way id="85" version="1">
    <nd ref="104" />
    <nd ref="315" />
    <tag k="highway" v="footway" />
    <tag k="layer" v="calcadas_unipe" />
    <tag k="path" v="C:/Users/ACER/Desktop/mapa_unipe/calcadas_unipe.shp" />
  </way>
  <way id="86" version="1">
    <nd ref="102" />
    <nd ref="316" />
    <tag k="highway" v="footway" />
    <tag k="layer" v="calcadas_unipe" />
    <tag k="path" v="C:/Users/ACER/Desktop/mapa_unipe/calcadas_unipe.shp" />
  </way>
  <way id="87" version="1">
    <nd ref="55" />
    <nd ref="317" />
    <tag k="highway" v="footway" />
    <tag k="layer" v="calcadas_unipe" />
    <tag k="path" v="C:/Users/ACER/Desktop/mapa_unipe/calcadas_unipe.shp" />
  </way>
  <way id="88" version="1">
    <nd ref="60" />
    <nd ref="318" />
    <tag k="highway" v="footway" />
    <tag k="layer" v="calcadas_unipe" />
    <tag k="path" v="C:/Users/ACER/Desktop/mapa_unipe/calcadas_unipe.shp" />
  </way>
  <way id="89" version="1">
    <nd ref="63" />
    <nd ref="319" />
    <tag k="highway" v="footway" />
    <tag k="layer" v="calcadas_unipe" />
    <tag k="path" v="C:/Users/ACER/Desktop/mapa_unipe/calcadas_unipe.shp" />
  </way>
  <way id="90" version="1">
    <nd ref="320" />
    <nd ref="138" />
    <nd ref="321" />
    <tag k="highway" v="footway" />
    <tag k="layer" v="conexoes" />
    <tag k="path" v="C:/Users/ACER/Desktop/mapa_unipe/conexoes.shp" />
  </way>
  <way id="91" version="1">
    <nd ref="322" />
    <nd ref="135" />
    <nd ref="323" />
    <tag k="highway" v="footway" />
    <tag k="layer" v="conexoes" />
    <tag k="path" v="C:/Users/ACER/Desktop/mapa_unipe/conexoes.shp" />
  </way>
  <way id="92" version="1">
    <nd ref="315" />
    <nd ref="324" />
    <nd ref="325" />
    <nd ref="326" />
    <nd ref="327" />
    <nd ref="328" />
    <nd ref="329" />
    <nd ref="204" />
    <tag k="highway" v="footway" />
    <tag k="layer" v="conexoes" />
    <tag k="path" v="C:/Users/ACER/Desktop/mapa_unipe/conexoes.shp" />
  </way>
  <way id="93" version="1">
    <nd ref="194" />
    <nd ref="330" />
    <nd ref="331" />
    <nd ref="332" />
    <nd ref="333" />
    <nd ref="334" />
    <nd ref="335" />
    <nd ref="316" />
    <tag k="highway" v="footway" />
    <tag k="layer" v="conexoes" />
    <tag k="path" v="C:/Users/ACER/Desktop/mapa_unipe/conexoes.shp" />
  </way>
  <way id="94" version="1">
    <nd ref="190" />
    <nd ref="140" />
    <tag k="highway" v="footway" />
    <tag k="layer" v="conexoes" />
    <tag k="path" v="C:/Users/ACER/Desktop/mapa_unipe/conexoes.shp" />
  </way>
  <way id="95" version="1">
    <nd ref="82" />
    <nd ref="336" />
    <nd ref="179" />
    <tag k="highway" v="footway" />
    <tag k="layer" v="conexoes" />
    <tag k="path" v="C:/Users/ACER/Desktop/mapa_unipe/conexoes.shp" />
  </way>
  <way id="96" version="1">
    <nd ref="133" />
    <nd ref="180" />
    <tag k="highway" v="footway" />
    <tag k="layer" v="conexoes" />
    <tag k="path" v="C:/Users/ACER/Desktop/mapa_unipe/conexoes.shp" />
  </way>
  <way id="97" version="1">
    <nd ref="107" />
    <nd ref="319" />
    <tag k="highway" v="footway" />
    <tag k="layer" v="conexoes" />
    <tag k="path" v="C:/Users/ACER/Desktop/mapa_unipe/conexoes.shp" />
  </way>
  <way id="98" version="1">
    <nd ref="337" />
    <nd ref="338" />
    <nd ref="339" />
    <nd ref="318" />
    <tag k="highway" v="footway" />
    <tag k="layer" v="conexoes" />
    <tag k="path" v="C:/Users/ACER/Desktop/mapa_unipe/conexoes.shp" />
  </way>
  <way id="99" version="1">
    <nd ref="339" />
    <nd ref="317" />
    <tag k="highway" v="footway" />
    <tag k="layer" v="conexoes" />
    <tag k="path" v="C:/Users/ACER/Desktop/mapa_unipe/conexoes.shp" />
  </way>
  <way id="100" version="1">
    <nd ref="339" />
    <nd ref="340" />
    <nd ref="43" />
    <tag k="highway" v="footway" />
    <tag k="layer" v="conexoes" />
    <tag k="path" v="C:/Users/ACER/Desktop/mapa_unipe/conexoes.shp" />
  </way>
  <way id="101" version="1">
    <nd ref="166" />
    <nd ref="249" />
    <tag k="highway" v="footway" />
    <tag k="layer" v="conexoes" />
    <tag k="path" v="C:/Users/ACER/Desktop/mapa_unipe/conexoes.shp" />
  </way>
  <way id="102" version="1">
    <nd ref="269" />
    <nd ref="341" />
    <nd ref="342" />
    <nd ref="343" />
    <tag k="highway" v="footway" />
    <tag k="layer" v="conexoes" />
    <tag k="path" v="C:/Users/ACER/Desktop/mapa_unipe/conexoes.shp" />
  </way>
  <way id="103" version="1">
    <nd ref="342" />
    <nd ref="344" />
    <nd ref="345" />
    <nd ref="346" />
    <nd ref="347" />
    <tag k="highway" v="footway" />
    <tag k="layer" v="conexoes" />
    <tag k="path" v="C:/Users/ACER/Desktop/mapa_unipe/conexoes.shp" />
  </way>
  <way id="104" version="1">
    <nd ref="346" />
    <nd ref="348" />
    <tag k="highway" v="footway" />
    <tag k="layer" v="conexoes" />
    <tag k="path" v="C:/Users/ACER/Desktop/mapa_unipe/conexoes.shp" />
  </way>
  <way id="105" version="1">
    <nd ref="344" />
    <nd ref="349" />
    <tag k="highway" v="footway" />
    <tag k="layer" v="conexoes" />
    <tag k="path" v="C:/Users/ACER/Desktop/mapa_unipe/conexoes.shp" />
  </way>
  <way id="106" version="1">
    <nd ref="350" />
    <nd ref="351" />
    <nd ref="352" />
    <nd ref="353" />
    <nd ref="354" />
    <tag k="highway" v="footway" />
    <tag k="layer" v="conexoes" />
    <tag k="path" v="C:/Users/ACER/Desktop/mapa_unipe/conexoes.shp" />
  </way>
  <way id="107" version="1">
    <nd ref="355" />
    <nd ref="356" />
    <nd ref="352" />
    <nd ref="357" />
    <nd ref="358" />
    <tag k="highway" v="footway" />
    <tag k="layer" v="conexoes" />
    <tag k="path" v="C:/Users/ACER/Desktop/mapa_unipe/conexoes.shp" />
  </way>
  <way id="108" version="1">
    <nd ref="359" />
    <nd ref="360" />
    <nd ref="351" />
    <nd ref="361" />
    <nd ref="362" />
    <nd ref="363" />
    <tag k="highway" v="footway" />
    <tag k="layer" v="conexoes" />
    <tag k="path" v="C:/Users/ACER/Desktop/mapa_unipe/conexoes.shp" />
  </way>
  <way id="109" version="1">
    <nd ref="272" />
    <nd ref="350" />
    <tag k="highway" v="footway" />
    <tag k="layer" v="conexoes" />
    <tag k="path" v="C:/Users/ACER/Desktop/mapa_unipe/conexoes.shp" />
  </way>
  <way id="110" version="1">
    <nd ref="248" />
    <nd ref="154" />
    <tag k="highway" v="footway" />
    <tag k="layer" v="conexoes" />
    <tag k="path" v="C:/Users/ACER/Desktop/mapa_unipe/conexoes.shp" />
  </way>
  <way id="111" version="1">
    <nd ref="288" />
    <nd ref="313" />
    <tag k="highway" v="footway" />
    <tag k="layer" v="conexoes" />
    <tag k="path" v="C:/Users/ACER/Desktop/mapa_unipe/conexoes.shp" />
  </way>
  <way id="112" version="1">
    <nd ref="347" />
    <nd ref="336" />
    <tag k="highway" v="footway" />
    <tag k="layer" v="conexoes" />
    <tag k="path" v="C:/Users/ACER/Desktop/mapa_unipe/conexoes.shp" />
  </way>
  <way id="113" version="1">
    <nd ref="81" />
    <nd ref="345" />
    <tag k="highway" v="footway" />
    <tag k="layer" v="conexoes" />
    <tag k="path" v="C:/Users/ACER/Desktop/mapa_unipe/conexoes.shp" />
  </way>
  <way id="114" version="1">
    <nd ref="364" />
    <nd ref="365" />
    <nd ref="366" />
    <nd ref="367" />
    <nd ref="368" />
    <tag k="highway" v="footway" />
    <tag k="layer" v="conexoes" />
    <tag k="path" v="C:/Users/ACER/Desktop/mapa_unipe/conexoes.shp" />
  </way>
  <way id="115" version="1">
    <nd ref="293" />
    <nd ref="369" />
    <nd ref="370" />
    <nd ref="371" />
    <nd ref="372" />
    <tag k="highway" v="footway" />
    <tag k="layer" v="conexoes" />
    <tag k="path" v="C:/Users/ACER/Desktop/mapa_unipe/conexoes.shp" />
  </way>
  <way id="116" version="1">
    <nd ref="373" />
    <nd ref="372" />
    <nd ref="374" />
    <tag k="highway" v="footway" />
    <tag k="layer" v="conexoes" />
    <tag k="path" v="C:/Users/ACER/Desktop/mapa_unipe/conexoes.shp" />
  </way>
  <way id="117" version="1">
    <nd ref="367" />
    <nd ref="375" />
    <tag k="highway" v="footway" />
    <tag k="layer" v="conexoes" />
    <tag k="path" v="C:/Users/ACER/Desktop/mapa_unipe/conexoes.shp" />
  </way>
  <way id="118" version="1">
    <nd ref="376" />
    <nd ref="377" />
    <tag k="highway" v="footway" />
    <tag k="layer" v="conexoes" />
    <tag k="path" v="C:/Users/ACER/Desktop/mapa_unipe/conexoes.shp" />
  </way>
  <way id="119" version="1">
    <nd ref="292" />
    <nd ref="378" />
    <nd ref="379" />
    <nd ref="380" />
    <nd ref="381" />
    <tag k="highway" v="footway" />
    <tag k="layer" v="conexoes" />
    <tag k="path" v="C:/Users/ACER/Desktop/mapa_unipe/conexoes.shp" />
  </way>
  <way id="120" version="1">
    <nd ref="379" />
    <nd ref="382" />
    <nd ref="383" />
    <nd ref="384" />
    <nd ref="385" />
    <tag k="layer" v="conexoes" />
    <tag k="path" v="C:/Users/ACER/Desktop/mapa_unipe/conexoes.shp" />
    <tag k="highway" v="footway" />
  </way>
  <way id="121" version="1">
    <nd ref="291" />
    <nd ref="386" />
    <nd ref="387" />
    <nd ref="388" />
    <tag k="highway" v="footway" />
    <tag k="layer" v="conexoes" />
    <tag k="path" v="C:/Users/ACER/Desktop/mapa_unipe/conexoes.shp" />
  </way>
  <way id="122" version="1">
    <nd ref="383" />
    <nd ref="389" />
    <tag k="highway" v="footway" />
    <tag k="layer" v="conexoes" />
    <tag k="path" v="C:/Users/ACER/Desktop/mapa_unipe/conexoes.shp" />
  </way>
  <way id="123" version="1">
    <nd ref="390" />
    <nd ref="331" />
    <tag k="highway" v="footway" />
    <tag k="layer" v="conexoes" />
    <tag k="path" v="C:/Users/ACER/Desktop/mapa_unipe/conexoes.shp" />
  </way>
  <way id="124" version="1">
    <nd ref="324" />
    <nd ref="335" />
    <tag k="highway" v="footway" />
    <tag k="layer" v="conexoes" />
    <tag k="path" v="C:/Users/ACER/Desktop/mapa_unipe/conexoes.shp" />
  </way>
  <way id="125" version="1">
    <nd ref="325" />
    <nd ref="334" />
    <tag k="highway" v="footway" />
    <tag k="layer" v="conexoes" />
    <tag k="path" v="C:/Users/ACER/Desktop/mapa_unipe/conexoes.shp" />
  </way>
  <way id="126" version="1">
    <nd ref="326" />
    <nd ref="333" />
    <tag k="highway" v="footway" />
    <tag k="layer" v="conexoes" />
    <tag k="path" v="C:/Users/ACER/Desktop/mapa_unipe/conexoes.shp" />
  </way>
  <way id="127" version="1">
    <nd ref="328" />
    <nd ref="332" />
    <tag k="highway" v="footway" />
    <tag k="layer" v="conexoes" />
    <tag k="path" v="C:/Users/ACER/Desktop/mapa_unipe/conexoes.shp" />
  </way>
  <way id="128" version="1">
    <nd ref="391" />
    <nd ref="327" />
    <tag k="highway" v="footway" />
    <tag k="layer" v="conexoes" />
    <tag k="path" v="C:/Users/ACER/Desktop/mapa_unipe/conexoes.shp" />
  </way>
  <way id="129" version="1">
    <nd ref="386" />
    <nd ref="392" />
    <nd ref="393" />
    <nd ref="379" />
    <tag k="highway" v="footway" />
    <tag k="layer" v="conexoes" />
    <tag k="path" v="C:/Users/ACER/Desktop/mapa_unipe/conexoes.shp" />
  </way>
  <way id="130" version="1">
    <nd ref="85" />
    <nd ref="394" />
    <nd ref="4" />
    <nd ref="395" />
    <nd ref="396" />
    <nd ref="397" />
    <nd ref="398" />
    <nd ref="399" />
    <nd ref="400" />
    <nd ref="401" />
    <nd ref="402" />
    <nd ref="403" />
    <nd ref="404" />
    <nd ref="405" />
    <nd ref="322" />
    <tag k="highway" v="footway" />
    <tag k="level" v="0.0" />
    <tag k="name" v="level_0" />
    <tag k="layer" v="corredores" />
    <tag k="path" v="C:/Users/ACER/Desktop/mapa_unipe/corredores.shp" />
  </way>
  <way id="131" version="1">
    <nd ref="323" />
    <nd ref="406" />
    <nd ref="8" />
    <nd ref="407" />
    <nd ref="408" />
    <nd ref="409" />
    <nd ref="410" />
    <nd ref="411" />
    <nd ref="412" />
    <nd ref="413" />
    <nd ref="414" />
    <nd ref="415" />
    <nd ref="416" />
    <tag k="highway" v="footway" />
    <tag k="level" v="0.0" />
    <tag k="name" v="level_0" />
    <tag k="layer" v="corredores" />
    <tag k="path" v="C:/Users/ACER/Desktop/mapa_unipe/corredores.shp" />
  </way>
  <way id="132" version="1">
    <nd ref="158" />
    <nd ref="9" />
    <nd ref="400" />
    <nd ref="417" />
    <nd ref="418" />
    <nd ref="419" />
    <nd ref="420" />
    <nd ref="116" />
    <tag k="highway" v="footway" />
    <tag k="level" v="0.0" />
    <tag k="name" v="level_0" />
    <tag k="layer" v="corredores" />
    <tag k="path" v="C:/Users/ACER/Desktop/mapa_unipe/corredores.shp" />
  </way>
  <way id="133" version="1">
    <nd ref="421" />
    <nd ref="422" />
    <nd ref="420" />
    <nd ref="320" />
    <tag k="highway" v="footway" />
    <tag k="level" v="0.0" />
    <tag k="name" v="level_0" />
    <tag k="layer" v="corredores" />
    <tag k="path" v="C:/Users/ACER/Desktop/mapa_unipe/corredores.shp" />
  </way>
  <way id="134" version="1">
    <nd ref="321" />
    <nd ref="423" />
    <nd ref="424" />
    <nd ref="425" />
    <nd ref="426" />
    <nd ref="427" />
    <nd ref="428" />
    <tag k="highway" v="footway" />
    <tag k="level" v="0.0" />
    <tag k="name" v="level_0" />
    <tag k="layer" v="corredores" />
    <tag k="path" v="C:/Users/ACER/Desktop/mapa_unipe/corredores.shp" />
  </way>
  <way id="135" version="1">
    <nd ref="164" />
    <nd ref="13" />
    <nd ref="412" />
    <nd ref="429" />
    <nd ref="430" />
    <nd ref="431" />
    <nd ref="425" />
    <nd ref="141" />
    <tag k="highway" v="footway" />
    <tag k="level" v="0.0" />
    <tag k="name" v="level_0" />
    <tag k="layer" v="corredores" />
    <tag k="path" v="C:/Users/ACER/Desktop/mapa_unipe/corredores.shp" />
  </way>
  <way id="136" version="1">
    <nd ref="88" />
    <nd ref="417" />
    <tag k="highway" v="footway" />
    <tag k="level" v="0.0" />
    <tag k="name" v="level_0" />
    <tag k="layer" v="corredores" />
    <tag k="path" v="C:/Users/ACER/Desktop/mapa_unipe/corredores.shp" />
  </way>
  <way id="137" version="1">
    <nd ref="83" />
    <nd ref="418" />
    <tag k="highway" v="footway" />
    <tag k="level" v="0.0" />
    <tag k="name" v="level_0" />
    <tag k="layer" v="corredores" />
    <tag k="path" v="C:/Users/ACER/Desktop/mapa_unipe/corredores.shp" />
  </way>
  <way id="138" version="1">
    <nd ref="419" />
    <nd ref="75" />
    <tag k="highway" v="footway" />
    <tag k="level" v="0.0" />
    <tag k="name" v="level_0" />
    <tag k="layer" v="corredores" />
    <tag k="path" v="C:/Users/ACER/Desktop/mapa_unipe/corredores.shp" />
  </way>
  <way id="139" version="1">
    <nd ref="87" />
    <nd ref="398" />
    <tag k="highway" v="footway" />
    <tag k="level" v="0.0" />
    <tag k="name" v="level_0" />
    <tag k="layer" v="corredores" />
    <tag k="path" v="C:/Users/ACER/Desktop/mapa_unipe/corredores.shp" />
  </way>
  <way id="140" version="1">
    <nd ref="95" />
    <nd ref="411" />
    <tag k="highway" v="footway" />
    <tag k="level" v="0.0" />
    <tag k="name" v="level_0" />
    <tag k="layer" v="corredores" />
    <tag k="path" v="C:/Users/ACER/Desktop/mapa_unipe/corredores.shp" />
  </way>
  <way id="141" version="1">
    <nd ref="337" />
    <nd ref="432" />
    <nd ref="433" />
    <nd ref="434" />
    <nd ref="435" />
    <nd ref="436" />
    <nd ref="207" />
    <tag k="highway" v="footway" />
    <tag k="level" v="0.0" />
    <tag k="name" v="level_0" />
    <tag k="layer" v="corredores" />
    <tag k="path" v="C:/Users/ACER/Desktop/mapa_unipe/corredores.shp" />
  </way>
  <way id="142" version="1">
    <nd ref="437" />
    <nd ref="438" />
    <nd ref="439" />
    <tag k="highway" v="footway" />
    <tag k="level" v="0.0" />
    <tag k="name" v="level_0" />
    <tag k="layer" v="corredores" />
    <tag k="path" v="C:/Users/ACER/Desktop/mapa_unipe/corredores.shp" />
  </way>
  <way id="143" version="1">
    <nd ref="96" />
    <nd ref="404" />
    <tag k="highway" v="footway" />
    <tag k="level" v="0.0" />
    <tag k="name" v="level_0" />
    <tag k="layer" v="corredores" />
    <tag k="path" v="C:/Users/ACER/Desktop/mapa_unipe/corredores.shp" />
  </way>
  <way id="144" version="1">
    <nd ref="93" />
    <nd ref="430" />
    <tag k="highway" v="footway" />
    <tag k="level" v="0.0" />
    <tag k="name" v="level_0" />
    <tag k="layer" v="corredores" />
    <tag k="path" v="C:/Users/ACER/Desktop/mapa_unipe/corredores.shp" />
  </way>
  <way id="145" version="1">
    <nd ref="440" />
    <nd ref="441" />
    <nd ref="442" />
    <nd ref="443" />
    <nd ref="444" />
    <tag k="highway" v="footway" />
    <tag k="level" v="0.0" />
    <tag k="name" v="level_0" />
    <tag k="layer" v="corredores" />
    <tag k="path" v="C:/Users/ACER/Desktop/mapa_unipe/corredores.shp" />
  </way>
  <way id="146" version="1">
    <nd ref="199" />
    <nd ref="445" />
    <nd ref="446" />
    <nd ref="447" />
    <nd ref="448" />
    <tag k="highway" v="footway" />
    <tag k="level" v="0.0" />
    <tag k="name" v="level_0" />
    <tag k="layer" v="corredores" />
    <tag k="path" v="C:/Users/ACER/Desktop/mapa_unipe/corredores.shp" />
  </way>
  <way id="147" version="1">
    <nd ref="449" />
    <nd ref="450" />
    <nd ref="451" />
    <tag k="highway" v="footway" />
    <tag k="level" v="0.0" />
    <tag k="name" v="level_0" />
    <tag k="layer" v="corredores" />
    <tag k="path" v="C:/Users/ACER/Desktop/mapa_unipe/corredores.shp" />
  </way>
  <way id="148" version="1">
    <nd ref="147" />
    <nd ref="442" />
    <nd ref="446" />
    <nd ref="450" />
    <nd ref="148" />
    <tag k="highway" v="footway" />
    <tag k="level" v="0.0" />
    <tag k="name" v="level_0" />
    <tag k="layer" v="corredores" />
    <tag k="path" v="C:/Users/ACER/Desktop/mapa_unipe/corredores.shp" />
  </way>
  <way id="149" version="1">
    <nd ref="390" />
    <nd ref="438" />
    <nd ref="247" />
    <tag k="highway" v="footway" />
    <tag k="level" v="0.0" />
    <tag k="name" v="level_0" />
    <tag k="layer" v="corredores" />
    <tag k="path" v="C:/Users/ACER/Desktop/mapa_unipe/corredores.shp" />
  </way>
  <way id="150" version="1">
    <nd ref="429" />
    <nd ref="225" />
    <tag k="highway" v="footway" />
    <tag k="level" v="0.0" />
    <tag k="name" v="level_0" />
    <tag k="layer" v="corredores" />
    <tag k="path" v="C:/Users/ACER/Desktop/mapa_unipe/corredores.shp" />
  </way>
  <way id="151" version="1">
    <nd ref="389" />
    <nd ref="452" />
    <nd ref="453" />
    <nd ref="454" />
    <nd ref="455" />
    <nd ref="456" />
    <tag k="highway" v="footway" />
    <tag k="level" v="0.0" />
    <tag k="name" v="level_0" />
    <tag k="layer" v="corredores" />
    <tag k="path" v="C:/Users/ACER/Desktop/mapa_unipe/corredores.shp" />
  </way>
  <way id="152" version="1">
    <nd ref="457" />
    <nd ref="454" />
    <nd ref="458" />
    <nd ref="459" />
    <nd ref="295" />
    <tag k="highway" v="footway" />
    <tag k="level" v="0.0" />
    <tag k="name" v="level_0" />
    <tag k="layer" v="corredores" />
    <tag k="path" v="C:/Users/ACER/Desktop/mapa_unipe/corredores.shp" />
  </way>
  <way id="153" version="1">
    <nd ref="452" />
    <nd ref="246" />
    <tag k="highway" v="footway" />
    <tag k="level" v="0.0" />
    <tag k="name" v="level_0" />
    <tag k="layer" v="corredores" />
    <tag k="path" v="C:/Users/ACER/Desktop/mapa_unipe/corredores.shp" />
  </way>
  <way id="154" version="1">
    <nd ref="458" />
    <nd ref="244" />
    <tag k="highway" v="footway" />
    <tag k="level" v="0.0" />
    <tag k="name" v="level_0" />
    <tag k="layer" v="corredores" />
    <tag k="path" v="C:/Users/ACER/Desktop/mapa_unipe/corredores.shp" />
  </way>
  <way id="155" version="1">
    <nd ref="455" />
    <nd ref="460" />
    <tag k="highway" v="footway" />
    <tag k="level" v="0.0" />
    <tag k="name" v="level_0" />
    <tag k="layer" v="corredores" />
    <tag k="path" v="C:/Users/ACER/Desktop/mapa_unipe/corredores.shp" />
  </way>
  <way id="156" version="1">
    <nd ref="427" />
    <nd ref="132" />
    <tag k="highway" v="footway" />
    <tag k="level" v="0.0" />
    <tag k="name" v="level_0" />
    <tag k="layer" v="corredores" />
    <tag k="path" v="C:/Users/ACER/Desktop/mapa_unipe/corredores.shp" />
  </way>
  <way id="157" version="1">
    <nd ref="423" />
    <nd ref="231" />
    <tag k="highway" v="footway" />
    <tag k="level" v="0.0" />
    <tag k="name" v="level_0" />
    <tag k="layer" v="corredores" />
    <tag k="path" v="C:/Users/ACER/Desktop/mapa_unipe/corredores.shp" />
  </way>
  <way id="158" version="1">
    <nd ref="461" />
    <nd ref="462" />
    <nd ref="463" />
    <nd ref="464" />
    <nd ref="465" />
    <tag k="highway" v="footway" />
    <tag k="level" v="0.0" />
    <tag k="name" v="level_0" />
    <tag k="layer" v="corredores" />
    <tag k="path" v="C:/Users/ACER/Desktop/mapa_unipe/corredores.shp" />
  </way>
  <way id="159" version="1">
    <nd ref="157" />
    <nd ref="462" />
    <tag k="highway" v="footway" />
    <tag k="level" v="0.0" />
    <tag k="name" v="level_0" />
    <tag k="layer" v="corredores" />
    <tag k="path" v="C:/Users/ACER/Desktop/mapa_unipe/corredores.shp" />
  </way>
  <way id="160" version="1">
    <nd ref="276" />
    <nd ref="466" />
    <tag k="highway" v="footway" />
    <tag k="level" v="0.0" />
    <tag k="name" v="level_0" />
    <tag k="layer" v="corredores" />
    <tag k="path" v="C:/Users/ACER/Desktop/mapa_unipe/corredores.shp" />
  </way>
  <way id="161" version="1">
    <nd ref="443" />
    <nd ref="285" />
    <tag k="highway" v="footway" />
    <tag k="level" v="0.0" />
    <tag k="name" v="level_0" />
    <tag k="layer" v="corredores" />
    <tag k="path" v="C:/Users/ACER/Desktop/mapa_unipe/corredores.shp" />
  </way>
  <way id="162" version="1">
    <nd ref="459" />
    <nd ref="311" />
    <tag k="highway" v="footway" />
    <tag k="level" v="0.0" />
    <tag k="name" v="level_0" />
    <tag k="layer" v="corredores" />
    <tag k="path" v="C:/Users/ACER/Desktop/mapa_unipe/corredores.shp" />
  </way>
  <way id="163" version="1">
    <nd ref="431" />
    <nd ref="230" />
    <tag k="highway" v="footway" />
    <tag k="level" v="0.0" />
    <tag k="name" v="level_0" />
    <tag k="layer" v="corredores" />
    <tag k="path" v="C:/Users/ACER/Desktop/mapa_unipe/corredores.shp" />
  </way>
  <way id="164" version="1">
    <nd ref="426" />
    <nd ref="467" />
    <tag k="highway" v="footway" />
    <tag k="level" v="0.0" />
    <tag k="name" v="level_0" />
    <tag k="layer" v="corredores" />
    <tag k="path" v="C:/Users/ACER/Desktop/mapa_unipe/corredores.shp" />
  </way>
  <way id="165" version="1">
    <nd ref="447" />
    <nd ref="270" />
    <tag k="highway" v="footway" />
    <tag k="level" v="0.0" />
    <tag k="name" v="level_0" />
    <tag k="layer" v="corredores" />
    <tag k="path" v="C:/Users/ACER/Desktop/mapa_unipe/corredores.shp" />
  </way>
  <way id="166" version="1">
    <nd ref="468" />
    <nd ref="469" />
    <nd ref="470" />
    <nd ref="471" />
    <nd ref="472" />
    <nd ref="473" />
    <nd ref="474" />
    <nd ref="475" />
    <nd ref="476" />
    <nd ref="477" />
    <nd ref="478" />
    <tag k="highway" v="footway" />
    <tag k="level" v="1.0" />
    <tag k="name" v="level_1" />
    <tag k="layer" v="corredores" />
    <tag k="path" v="C:/Users/ACER/Desktop/mapa_unipe/corredores.shp" />
  </way>
  <way id="167" version="1">
    <nd ref="479" />
    <nd ref="480" />
    <nd ref="481" />
    <nd ref="482" />
    <nd ref="483" />
    <nd ref="484" />
    <nd ref="485" />
    <nd ref="486" />
    <nd ref="487" />
    <nd ref="488" />
    <nd ref="489" />
    <nd ref="490" />
    <tag k="highway" v="footway" />
    <tag k="level" v="1.0" />
    <tag k="name" v="level_1" />
    <tag k="layer" v="corredores" />
    <tag k="path" v="C:/Users/ACER/Desktop/mapa_unipe/corredores.shp" />
  </way>
  <way id="168" version="1">
    <nd ref="473" />
    <nd ref="12" />
    <tag k="highway" v="footway" />
    <tag k="level" v="1.0" />
    <tag k="name" v="level_1" />
    <tag k="layer" v="corredores" />
    <tag k="path" v="C:/Users/ACER/Desktop/mapa_unipe/corredores.shp" />
  </way>
  <way id="169" version="1">
    <nd ref="486" />
    <nd ref="16" />
    <tag k="highway" v="footway" />
    <tag k="level" v="1.0" />
    <tag k="name" v="level_1" />
    <tag k="layer" v="corredores" />
    <tag k="path" v="C:/Users/ACER/Desktop/mapa_unipe/corredores.shp" />
  </way>
  <way id="170" version="1">
    <nd ref="54" />
    <nd ref="491" />
    <tag k="highway" v="footway" />
    <tag k="level" v="0.0" />
    <tag k="name" v="level_0" />
    <tag k="layer" v="corredores" />
    <tag k="path" v="C:/Users/ACER/Desktop/mapa_unipe/corredores.shp" />
  </way>
  <way id="171" version="1">
    <nd ref="491" />
    <nd ref="492" />
    <nd ref="493" />
    <nd ref="494" />
    <nd ref="495" />
    <tag k="highway" v="footway" />
    <tag k="level" v="0.0" />
    <tag k="name" v="level_0" />
    <tag k="layer" v="corredores" />
    <tag k="path" v="C:/Users/ACER/Desktop/mapa_unipe/corredores.shp" />
  </way>
  <way id="172" version="1">
    <nd ref="491" />
    <nd ref="496" />
    <nd ref="497" />
    <nd ref="498" />
    <nd ref="499" />
    <tag k="highway" v="footway" />
    <tag k="level" v="0.0" />
    <tag k="name" v="level_0" />
    <tag k="layer" v="corredores" />
    <tag k="path" v="C:/Users/ACER/Desktop/mapa_unipe/corredores.shp" />
  </way>
  <way id="173" version="1">
    <nd ref="210" />
    <nd ref="500" />
    <nd ref="501" />
    <nd ref="502" />
    <nd ref="503" />
    <tag k="highway" v="footway" />
    <tag k="level" v="0.0" />
    <tag k="name" v="level_0" />
    <tag k="layer" v="corredores" />
    <tag k="path" v="C:/Users/ACER/Desktop/mapa_unipe/corredores.shp" />
  </way>
  <way id="174" version="1">
    <nd ref="222" />
    <nd ref="500" />
    <tag k="highway" v="footway" />
    <tag k="level" v="0.0" />
    <tag k="name" v="level_0" />
    <tag k="layer" v="corredores" />
    <tag k="path" v="C:/Users/ACER/Desktop/mapa_unipe/corredores.shp" />
  </way>
  <way id="175" version="1">
    <nd ref="224" />
    <nd ref="501" />
    <tag k="highway" v="footway" />
    <tag k="level" v="0.0" />
    <tag k="name" v="level_0" />
    <tag k="layer" v="corredores" />
    <tag k="path" v="C:/Users/ACER/Desktop/mapa_unipe/corredores.shp" />
  </way>
  <way id="176" version="1">
    <nd ref="223" />
    <nd ref="502" />
    <tag k="highway" v="footway" />
    <tag k="level" v="0.0" />
    <tag k="name" v="level_0" />
    <tag k="layer" v="corredores" />
    <tag k="path" v="C:/Users/ACER/Desktop/mapa_unipe/corredores.shp" />
  </way>
  <way id="177" version="1">
    <nd ref="501" />
    <nd ref="504" />
    <nd ref="505" />
    <nd ref="506" />
    <nd ref="507" />
    <nd ref="508" />
    <nd ref="509" />
    <nd ref="510" />
    <tag k="highway" v="footway" />
    <tag k="level" v="0.0" />
    <tag k="name" v="level_0" />
    <tag k="layer" v="corredores" />
    <tag k="path" v="C:/Users/ACER/Desktop/mapa_unipe/corredores.shp" />
  </way>
  <way id="178" version="1">
    <nd ref="506" />
    <nd ref="511" />
    <nd ref="512" />
    <tag k="highway" v="footway" />
    <tag k="level" v="0.0" />
    <tag k="name" v="level_0" />
    <tag k="layer" v="corredores" />
    <tag k="path" v="C:/Users/ACER/Desktop/mapa_unipe/corredores.shp" />
  </way>
  <way id="179" version="1">
    <nd ref="504" />
    <nd ref="513" />
    <nd ref="514" />
    <tag k="highway" v="footway" />
    <tag k="level" v="0.0" />
    <tag k="name" v="level_0" />
    <tag k="layer" v="corredores" />
    <tag k="path" v="C:/Users/ACER/Desktop/mapa_unipe/corredores.shp" />
  </way>
  <way id="180" version="1">
    <nd ref="513" />
    <nd ref="515" />
    <nd ref="516" />
    <tag k="highway" v="footway" />
    <tag k="level" v="0.0" />
    <tag k="name" v="level_0" />
    <tag k="layer" v="corredores" />
    <tag k="path" v="C:/Users/ACER/Desktop/mapa_unipe/corredores.shp" />
  </way>
  <way id="181" version="1">
    <nd ref="507" />
    <nd ref="517" />
    <nd ref="518" />
    <tag k="highway" v="footway" />
    <tag k="level" v="0.0" />
    <tag k="name" v="level_0" />
    <tag k="layer" v="corredores" />
    <tag k="path" v="C:/Users/ACER/Desktop/mapa_unipe/corredores.shp" />
  </way>
  <way id="182" version="1">
    <nd ref="517" />
    <nd ref="519" />
    <tag k="highway" v="footway" />
    <tag k="level" v="0.0" />
    <tag k="name" v="level_0" />
    <tag k="layer" v="corredores" />
    <tag k="path" v="C:/Users/ACER/Desktop/mapa_unipe/corredores.shp" />
  </way>
  <way id="183" version="1">
    <nd ref="436" />
    <nd ref="520" />
    <nd ref="521" />
    <tag k="highway" v="footway" />
    <tag k="level" v="0.0" />
    <tag k="name" v="level_0" />
    <tag k="layer" v="corredores" />
    <tag k="path" v="C:/Users/ACER/Desktop/mapa_unipe/corredores.shp" />
  </way>
  <way id="184" version="1">
    <nd ref="432" />
    <nd ref="522" />
    <nd ref="523" />
    <nd ref="524" />
    <tag k="highway" v="footway" />
    <tag k="level" v="0.0" />
    <tag k="name" v="level_0" />
    <tag k="layer" v="corredores" />
    <tag k="path" v="C:/Users/ACER/Desktop/mapa_unipe/corredores.shp" />
  </way>
  <way id="185" version="1">
    <nd ref="493" />
    <nd ref="525" />
    <tag k="highway" v="footway" />
    <tag k="level" v="0.0" />
    <tag k="name" v="level_0" />
    <tag k="layer" v="corredores" />
    <tag k="path" v="C:/Users/ACER/Desktop/mapa_unipe/corredores.shp" />
  </way>
  <way id="186" version="1">
    <nd ref="494" />
    <nd ref="526" />
    <tag k="highway" v="footway" />
    <tag k="level" v="0.0" />
    <tag k="name" v="level_0" />
    <tag k="layer" v="corredores" />
    <tag k="path" v="C:/Users/ACER/Desktop/mapa_unipe/corredores.shp" />
  </way>
  <way id="187" version="1">
    <nd ref="498" />
    <nd ref="527" />
    <tag k="highway" v="footway" />
    <tag k="level" v="0.0" />
    <tag k="name" v="level_0" />
    <tag k="layer" v="corredores" />
    <tag k="path" v="C:/Users/ACER/Desktop/mapa_unipe/corredores.shp" />
  </way>
  <way id="188" version="1">
    <nd ref="497" />
    <nd ref="528" />
    <tag k="highway" v="footway" />
    <tag k="level" v="0.0" />
    <tag k="name" v="level_0" />
    <tag k="layer" v="corredores" />
    <tag k="path" v="C:/Users/ACER/Desktop/mapa_unipe/corredores.shp" />
  </way>
  <way id="189" version="1">
    <nd ref="523" />
    <nd ref="529" />
    <tag k="highway" v="footway" />
    <tag k="level" v="0.0" />
    <tag k="name" v="level_0" />
    <tag k="layer" v="corredores" />
    <tag k="path" v="C:/Users/ACER/Desktop/mapa_unipe/corredores.shp" />
  </way>
  <way id="190" version="1">
    <nd ref="522" />
    <nd ref="530" />
    <tag k="highway" v="footway" />
    <tag k="level" v="0.0" />
    <tag k="name" v="level_0" />
    <tag k="layer" v="corredores" />
    <tag k="path" v="C:/Users/ACER/Desktop/mapa_unipe/corredores.shp" />
  </way>
  <way id="191" version="1">
    <nd ref="433" />
    <nd ref="531" />
    <tag k="highway" v="footway" />
    <tag k="level" v="0.0" />
    <tag k="name" v="level_0" />
    <tag k="layer" v="corredores" />
    <tag k="path" v="C:/Users/ACER/Desktop/mapa_unipe/corredores.shp" />
  </way>
  <way id="192" version="1">
    <nd ref="434" />
    <nd ref="532" />
    <tag k="highway" v="footway" />
    <tag k="level" v="0.0" />
    <tag k="name" v="level_0" />
    <tag k="layer" v="corredores" />
    <tag k="path" v="C:/Users/ACER/Desktop/mapa_unipe/corredores.shp" />
  </way>
  <way id="193" version="1">
    <nd ref="520" />
    <nd ref="533" />
    <tag k="highway" v="footway" />
    <tag k="level" v="0.0" />
    <tag k="name" v="level_0" />
    <tag k="layer" v="corredores" />
    <tag k="path" v="C:/Users/ACER/Desktop/mapa_unipe/corredores.shp" />
  </way>
  <way id="194" version="1">
    <nd ref="395" />
    <nd ref="534" />
    <tag k="highway" v="footway" />
    <tag k="level" v="0.0" />
    <tag k="name" v="level_0" />
    <tag k="layer" v="corredores" />
    <tag k="path" v="C:/Users/ACER/Desktop/mapa_unipe/corredores.shp" />
  </way>
  <way id="195" version="1">
    <nd ref="535" />
    <nd ref="396" />
    <tag k="highway" v="footway" />
    <tag k="level" v="0.0" />
    <tag k="name" v="level_0" />
    <tag k="layer" v="corredores" />
    <tag k="path" v="C:/Users/ACER/Desktop/mapa_unipe/corredores.shp" />
  </way>
  <way id="196" version="1">
    <nd ref="536" />
    <nd ref="397" />
    <tag k="highway" v="footway" />
    <tag k="level" v="0.0" />
    <tag k="name" v="level_0" />
    <tag k="layer" v="corredores" />
    <tag k="path" v="C:/Users/ACER/Desktop/mapa_unipe/corredores.shp" />
  </way>
  <way id="197" version="1">
    <nd ref="537" />
    <nd ref="538" />
    <tag k="highway" v="footway" />
    <tag k="level" v="0.0" />
    <tag k="name" v="level_0" />
    <tag k="layer" v="corredores" />
    <tag k="path" v="C:/Users/ACER/Desktop/mapa_unipe/corredores.shp" />
  </way>
  <way id="198" version="1">
    <nd ref="539" />
    <nd ref="540" />
    <tag k="highway" v="footway" />
    <tag k="level" v="0.0" />
    <tag k="name" v="level_0" />
    <tag k="layer" v="corredores" />
    <tag k="path" v="C:/Users/ACER/Desktop/mapa_unipe/corredores.shp" />
  </way>
  <way id="199" version="1">
    <nd ref="541" />
    <nd ref="402" />
    <tag k="highway" v="footway" />
    <tag k="level" v="0.0" />
    <tag k="name" v="level_0" />
    <tag k="layer" v="corredores" />
    <tag k="path" v="C:/Users/ACER/Desktop/mapa_unipe/corredores.shp" />
  </way>
  <way id="200" version="1">
    <nd ref="542" />
    <nd ref="403" />
    <tag k="highway" v="footway" />
    <tag k="level" v="0.0" />
    <tag k="name" v="level_0" />
    <tag k="layer" v="corredores" />
    <tag k="path" v="C:/Users/ACER/Desktop/mapa_unipe/corredores.shp" />
  </way>
  <way id="201" version="1">
    <nd ref="543" />
    <nd ref="405" />
    <tag k="highway" v="footway" />
    <tag k="level" v="0.0" />
    <tag k="name" v="level_0" />
    <tag k="layer" v="corredores" />
    <tag k="path" v="C:/Users/ACER/Desktop/mapa_unipe/corredores.shp" />
  </way>
  <way id="202" version="1">
    <nd ref="544" />
    <nd ref="545" />
    <tag k="highway" v="footway" />
    <tag k="level" v="0.0" />
    <tag k="name" v="level_0" />
    <tag k="layer" v="corredores" />
    <tag k="path" v="C:/Users/ACER/Desktop/mapa_unipe/corredores.shp" />
  </way>
  <way id="203" version="1">
    <nd ref="546" />
    <nd ref="407" />
    <tag k="highway" v="footway" />
    <tag k="level" v="0.0" />
    <tag k="name" v="level_0" />
    <tag k="layer" v="corredores" />
    <tag k="path" v="C:/Users/ACER/Desktop/mapa_unipe/corredores.shp" />
  </way>
  <way id="204" version="1">
    <nd ref="408" />
    <nd ref="547" />
    <tag k="highway" v="footway" />
    <tag k="level" v="0.0" />
    <tag k="name" v="level_0" />
    <tag k="layer" v="corredores" />
    <tag k="path" v="C:/Users/ACER/Desktop/mapa_unipe/corredores.shp" />
  </way>
  <way id="205" version="1">
    <nd ref="548" />
    <nd ref="409" />
    <tag k="highway" v="footway" />
    <tag k="level" v="0.0" />
    <tag k="name" v="level_0" />
    <tag k="layer" v="corredores" />
    <tag k="path" v="C:/Users/ACER/Desktop/mapa_unipe/corredores.shp" />
  </way>
  <way id="206" version="1">
    <nd ref="549" />
    <nd ref="410" />
    <tag k="highway" v="footway" />
    <tag k="level" v="0.0" />
    <tag k="name" v="level_0" />
    <tag k="layer" v="corredores" />
    <tag k="path" v="C:/Users/ACER/Desktop/mapa_unipe/corredores.shp" />
  </way>
  <way id="207" version="1">
    <nd ref="550" />
    <nd ref="414" />
    <tag k="highway" v="footway" />
    <tag k="level" v="0.0" />
    <tag k="name" v="level_0" />
    <tag k="layer" v="corredores" />
    <tag k="path" v="C:/Users/ACER/Desktop/mapa_unipe/corredores.shp" />
  </way>
  <way id="208" version="1">
    <nd ref="551" />
    <nd ref="415" />
    <tag k="highway" v="footway" />
    <tag k="level" v="0.0" />
    <tag k="name" v="level_0" />
    <tag k="layer" v="corredores" />
    <tag k="path" v="C:/Users/ACER/Desktop/mapa_unipe/corredores.shp" />
  </way>
  <way id="209" version="1">
    <nd ref="552" />
    <nd ref="424" />
    <tag k="highway" v="footway" />
    <tag k="level" v="0.0" />
    <tag k="name" v="level_0" />
    <tag k="layer" v="corredores" />
    <tag k="path" v="C:/Users/ACER/Desktop/mapa_unipe/corredores.shp" />
  </way>
  <way id="210" version="1">
    <nd ref="553" />
    <nd ref="422" />
    <tag k="highway" v="footway" />
    <tag k="level" v="0.0" />
    <tag k="name" v="level_0" />
    <tag k="layer" v="corredores" />
    <tag k="path" v="C:/Users/ACER/Desktop/mapa_unipe/corredores.shp" />
  </way>
  <way id="211" version="1">
    <nd ref="469" />
    <nd ref="554" />
    <tag k="highway" v="footway" />
    <tag k="level" v="1.0" />
    <tag k="name" v="level_1" />
    <tag k="layer" v="corredores" />
    <tag k="path" v="C:/Users/ACER/Desktop/mapa_unipe/corredores.shp" />
  </way>
  <way id="212" version="1">
    <nd ref="470" />
    <nd ref="555" />
    <tag k="highway" v="footway" />
    <tag k="level" v="1.0" />
    <tag k="name" v="level_1" />
    <tag k="layer" v="corredores" />
    <tag k="path" v="C:/Users/ACER/Desktop/mapa_unipe/corredores.shp" />
  </way>
  <way id="213" version="1">
    <nd ref="471" />
    <nd ref="556" />
    <tag k="highway" v="footway" />
    <tag k="level" v="1.0" />
    <tag k="name" v="level_1" />
    <tag k="layer" v="corredores" />
    <tag k="path" v="C:/Users/ACER/Desktop/mapa_unipe/corredores.shp" />
  </way>
  <way id="214" version="1">
    <nd ref="472" />
    <nd ref="557" />
    <tag k="highway" v="footway" />
    <tag k="level" v="1.0" />
    <tag k="name" v="level_1" />
    <tag k="layer" v="corredores" />
    <tag k="path" v="C:/Users/ACER/Desktop/mapa_unipe/corredores.shp" />
  </way>
  <way id="215" version="1">
    <nd ref="474" />
    <nd ref="558" />
    <tag k="highway" v="footway" />
    <tag k="level" v="1.0" />
    <tag k="name" v="level_1" />
    <tag k="layer" v="corredores" />
    <tag k="path" v="C:/Users/ACER/Desktop/mapa_unipe/corredores.shp" />
  </way>
  <way id="216" version="1">
    <nd ref="475" />
    <nd ref="559" />
    <tag k="highway" v="footway" />
    <tag k="level" v="1.0" />
    <tag k="name" v="level_1" />
    <tag k="layer" v="corredores" />
    <tag k="path" v="C:/Users/ACER/Desktop/mapa_unipe/corredores.shp" />
  </way>
  <way id="217" version="1">
    <nd ref="476" />
    <nd ref="560" />
    <tag k="highway" v="footway" />
    <tag k="level" v="1.0" />
    <tag k="name" v="level_1" />
    <tag k="layer" v="corredores" />
    <tag k="path" v="C:/Users/ACER/Desktop/mapa_unipe/corredores.shp" />
  </way>
  <way id="218" version="1">
    <nd ref="477" />
    <nd ref="561" />
    <tag k="highway" v="footway" />
    <tag k="level" v="1.0" />
    <tag k="name" v="level_1" />
    <tag k="layer" v="corredores" />
    <tag k="path" v="C:/Users/ACER/Desktop/mapa_unipe/corredores.shp" />
  </way>
  <way id="219" version="1">
    <nd ref="480" />
    <nd ref="562" />
    <tag k="highway" v="footway" />
    <tag k="level" v="1.0" />
    <tag k="name" v="level_1" />
    <tag k="layer" v="corredores" />
    <tag k="path" v="C:/Users/ACER/Desktop/mapa_unipe/corredores.shp" />
  </way>
  <way id="220" version="1">
    <nd ref="482" />
    <nd ref="563" />
    <tag k="highway" v="footway" />
    <tag k="level" v="1.0" />
    <tag k="name" v="level_1" />
    <tag k="layer" v="corredores" />
    <tag k="path" v="C:/Users/ACER/Desktop/mapa_unipe/corredores.shp" />
  </way>
  <way id="221" version="1">
    <nd ref="483" />
    <nd ref="564" />
    <tag k="highway" v="footway" />
    <tag k="level" v="1.0" />
    <tag k="name" v="level_1" />
    <tag k="layer" v="corredores" />
    <tag k="path" v="C:/Users/ACER/Desktop/mapa_unipe/corredores.shp" />
  </way>
  <way id="222" version="1">
    <nd ref="484" />
    <nd ref="565" />
    <tag k="highway" v="footway" />
    <tag k="level" v="1.0" />
    <tag k="name" v="level_1" />
    <tag k="layer" v="corredores" />
    <tag k="path" v="C:/Users/ACER/Desktop/mapa_unipe/corredores.shp" />
  </way>
  <way id="223" version="1">
    <nd ref="485" />
    <nd ref="549" />
    <tag k="highway" v="footway" />
    <tag k="level" v="1.0" />
    <tag k="name" v="level_1" />
    <tag k="layer" v="corredores" />
    <tag k="path" v="C:/Users/ACER/Desktop/mapa_unipe/corredores.shp" />
  </way>
  <way id="224" version="1">
    <nd ref="487" />
    <nd ref="566" />
    <tag k="highway" v="footway" />
    <tag k="level" v="1.0" />
    <tag k="name" v="level_1" />
    <tag k="layer" v="corredores" />
    <tag k="path" v="C:/Users/ACER/Desktop/mapa_unipe/corredores.shp" />
  </way>
  <way id="225" version="1">
    <nd ref="488" />
    <nd ref="567" />
    <tag k="highway" v="footway" />
    <tag k="level" v="1.0" />
    <tag k="name" v="level_1" />
    <tag k="layer" v="corredores" />
    <tag k="path" v="C:/Users/ACER/Desktop/mapa_unipe/corredores.shp" />
  </way>
  <way id="226" version="1">
    <nd ref="489" />
    <nd ref="568" />
    <tag k="highway" v="footway" />
    <tag k="level" v="1.0" />
    <tag k="name" v="level_1" />
    <tag k="layer" v="corredores" />
    <tag k="path" v="C:/Users/ACER/Desktop/mapa_unipe/corredores.shp" />
  </way>
  <way id="227" version="1">
    <nd ref="557" />
    <nd ref="399" />
    <tag k="highway" v="footway" />
    <tag k="level" v="0.0" />
    <tag k="name" v="level_0" />
    <tag k="layer" v="corredores" />
    <tag k="path" v="C:/Users/ACER/Desktop/mapa_unipe/corredores.shp" />
  </way>
  <way id="228" version="1">
    <nd ref="569" />
    <nd ref="570" />
    <nd ref="571" />
    <nd ref="572" />
    <nd ref="573" />
    <nd ref="574" />
    <nd ref="575" />
    <nd ref="576" />
    <nd ref="577" />
    <nd ref="578" />
    <nd ref="579" />
    <nd ref="580" />
    <nd ref="581" />
    <nd ref="582" />
    <nd ref="583" />
    <nd ref="584" />
    <nd ref="585" />
    <nd ref="586" />
    <tag k="oneway" v="no" />
    <tag k="highway" v="service" />
    <tag k="layer" v="estradas_unipe" />
    <tag k="path" v="C:/Users/ACER/Desktop/mapa_unipe/estradas_unipe.shp" />
  </way>
  <way id="229" version="1">
    <nd ref="583" />
    <nd ref="587" />
    <nd ref="588" />
    <nd ref="589" />
    <nd ref="590" />
    <nd ref="591" />
    <nd ref="592" />
    <nd ref="593" />
    <nd ref="594" />
    <nd ref="595" />
    <nd ref="596" />
    <nd ref="597" />
    <nd ref="598" />
    <nd ref="599" />
    <nd ref="600" />
    <nd ref="601" />
    <nd ref="602" />
    <nd ref="603" />
    <nd ref="604" />
    <nd ref="605" />
    <nd ref="606" />
    <tag k="oneway" v="no" />
    <tag k="highway" v="service" />
    <tag k="layer" v="estradas_unipe" />
    <tag k="path" v="C:/Users/ACER/Desktop/mapa_unipe/estradas_unipe.shp" />
  </way>
  <way id="230" version="1">
    <nd ref="607" />
    <nd ref="608" />
    <nd ref="609" />
    <nd ref="610" />
    <nd ref="611" />
    <nd ref="612" />
    <nd ref="613" />
    <nd ref="614" />
    <nd ref="615" />
    <nd ref="616" />
    <nd ref="617" />
    <nd ref="618" />
    <nd ref="619" />
    <nd ref="620" />
    <nd ref="621" />
    <nd ref="622" />
    <nd ref="623" />
    <nd ref="624" />
    <nd ref="625" />
    <nd ref="626" />
    <tag k="oneway" v="no" />
    <tag k="highway" v="service" />
    <tag k="layer" v="estradas_unipe" />
    <tag k="path" v="C:/Users/ACER/Desktop/mapa_unipe/estradas_unipe.shp" />
  </way>
  <way id="231" version="1">
    <nd ref="627" />
    <nd ref="628" />
    <nd ref="629" />
    <nd ref="630" />
    <nd ref="631" />
    <nd ref="632" />
    <nd ref="633" />
    <nd ref="634" />
    <nd ref="635" />
    <nd ref="636" />
    <nd ref="637" />
    <nd ref="638" />
    <nd ref="639" />
    <nd ref="640" />
    <nd ref="641" />
    <nd ref="642" />
    <nd ref="643" />
    <nd ref="644" />
    <nd ref="645" />
    <nd ref="646" />
    <nd ref="647" />
    <nd ref="648" />
    <tag k="oneway" v="no" />
    <tag k="highway" v="service" />
    <tag k="layer" v="estradas_unipe" />
    <tag k="path" v="C:/Users/ACER/Desktop/mapa_unipe/estradas_unipe.shp" />
  </way>
  <way id="232" version="1">
    <nd ref="649" />
    <nd ref="650" />
    <nd ref="651" />
    <nd ref="652" />
    <nd ref="653" />
    <nd ref="654" />
    <nd ref="655" />
    <nd ref="656" />
    <nd ref="657" />
    <nd ref="658" />
    <nd ref="659" />
    <nd ref="660" />
    <nd ref="661" />
    <nd ref="662" />
    <nd ref="663" />
    <nd ref="664" />
    <nd ref="665" />
    <nd ref="666" />
    <nd ref="667" />
    <nd ref="668" />
    <nd ref="669" />
    <nd ref="670" />
    <nd ref="607" />
    <nd ref="671" />
    <nd ref="672" />
    <nd ref="673" />
    <nd ref="674" />
    <nd ref="648" />
    <nd ref="675" />
    <nd ref="676" />
    <nd ref="677" />
    <nd ref="678" />
    <nd ref="679" />
    <nd ref="680" />
    <nd ref="681" />
    <nd ref="682" />
    <nd ref="683" />
    <nd ref="684" />
    <nd ref="685" />
    <nd ref="686" />
    <nd ref="687" />
    <nd ref="688" />
    <nd ref="689" />
    <nd ref="690" />
    <nd ref="649" />
    <tag k="oneway" v="yes" />
    <tag k="highway" v="service" />
    <tag k="roundabout" v="yes" />
    <tag k="layer" v="estradas_unipe" />
    <tag k="path" v="C:/Users/ACER/Desktop/mapa_unipe/estradas_unipe.shp" />
  </way>
  <way id="233" version="1">
    <nd ref="586" />
    <nd ref="691" />
    <nd ref="692" />
    <nd ref="693" />
    <nd ref="694" />
    <nd ref="695" />
    <nd ref="696" />
    <nd ref="697" />
    <nd ref="698" />
    <nd ref="699" />
    <nd ref="700" />
    <nd ref="701" />
    <nd ref="702" />
    <nd ref="703" />
    <nd ref="704" />
    <nd ref="705" />
    <nd ref="706" />
    <nd ref="707" />
    <nd ref="708" />
    <nd ref="709" />
    <nd ref="710" />
    <nd ref="711" />
    <nd ref="712" />
    <nd ref="713" />
    <nd ref="714" />
    <nd ref="715" />
    <nd ref="716" />
    <nd ref="717" />
    <nd ref="718" />
    <nd ref="719" />
    <nd ref="720" />
    <nd ref="721" />
    <nd ref="586" />
    <tag k="oneway" v="yes" />
    <tag k="highway" v="service" />
    <tag k="roundabout" v="yes" />
    <tag k="layer" v="estradas_unipe" />
    <tag k="path" v="C:/Users/ACER/Desktop/mapa_unipe/estradas_unipe.shp" />
  </way>
  <way id="234" version="1">
    <nd ref="722" />
    <nd ref="723" />
    <nd ref="724" />
    <nd ref="725" />
    <nd ref="726" />
    <nd ref="727" />
    <nd ref="728" />
    <nd ref="729" />
    <nd ref="730" />
    <nd ref="731" />
    <nd ref="732" />
    <nd ref="733" />
    <nd ref="734" />
    <nd ref="735" />
    <nd ref="736" />
    <nd ref="737" />
    <nd ref="738" />
    <nd ref="739" />
    <nd ref="740" />
    <nd ref="741" />
    <nd ref="742" />
    <nd ref="743" />
    <nd ref="744" />
    <nd ref="745" />
    <nd ref="746" />
    <nd ref="747" />
    <nd ref="748" />
    <nd ref="749" />
    <nd ref="750" />
    <nd ref="751" />
    <nd ref="752" />
    <nd ref="753" />
    <nd ref="754" />
    <nd ref="755" />
    <nd ref="756" />
    <nd ref="757" />
    <nd ref="758" />
    <nd ref="759" />
    <nd ref="760" />
    <nd ref="761" />
    <nd ref="762" />
    <nd ref="763" />
    <nd ref="764" />
    <nd ref="765" />
    <nd ref="766" />
    <nd ref="722" />
    <tag k="oneway" v="yes" />
    <tag k="highway" v="service" />
    <tag k="roundabout" v="yes" />
    <tag k="layer" v="estradas_unipe" />
    <tag k="path" v="C:/Users/ACER/Desktop/mapa_unipe/estradas_unipe.shp" />
  </way>
  <way id="235" version="1">
    <nd ref="767" />
    <nd ref="768" />
    <nd ref="769" />
    <nd ref="770" />
    <nd ref="771" />
    <nd ref="772" />
    <nd ref="773" />
    <nd ref="774" />
    <nd ref="775" />
    <nd ref="776" />
    <nd ref="777" />
    <nd ref="778" />
    <nd ref="779" />
    <nd ref="780" />
    <nd ref="781" />
    <nd ref="782" />
    <nd ref="783" />
    <nd ref="784" />
    <nd ref="785" />
    <nd ref="786" />
    <nd ref="787" />
    <nd ref="788" />
    <nd ref="789" />
    <nd ref="790" />
    <nd ref="791" />
    <nd ref="792" />
    <nd ref="793" />
    <nd ref="794" />
    <nd ref="795" />
    <nd ref="796" />
    <nd ref="797" />
    <nd ref="798" />
    <nd ref="799" />
    <nd ref="800" />
    <nd ref="801" />
    <nd ref="802" />
    <nd ref="803" />
    <nd ref="804" />
    <nd ref="767" />
    <tag k="oneway" v="yes" />
    <tag k="highway" v="service" />
    <tag k="roundabout" v="yes" />
    <tag k="layer" v="estradas_unipe" />
    <tag k="path" v="C:/Users/ACER/Desktop/mapa_unipe/estradas_unipe.shp" />
  </way>
  <way id="236" version="1">
    <nd ref="582" />
    <nd ref="805" />
    <nd ref="806" />
    <nd ref="807" />
    <nd ref="808" />
    <nd ref="809" />
    <nd ref="810" />
    <nd ref="723" />
    <tag k="oneway" v="no" />
    <tag k="highway" v="service" />
    <tag k="layer" v="estradas_unipe" />
    <tag k="path" v="C:/Users/ACER/Desktop/mapa_unipe/estradas_unipe.shp" />
  </way>
  <way id="237" version="1">
    <nd ref="811" />
    <nd ref="812" />
    <tag k="oneway" v="no" />
    <tag k="highway" v="service" />
    <tag k="layer" v="estradas_unipe" />
    <tag k="path" v="C:/Users/ACER/Desktop/mapa_unipe/estradas_unipe.shp" />
  </way>
  <way id="238" version="1">
    <nd ref="813" />
    <nd ref="814" />
    <nd ref="815" />
    <nd ref="816" />
    <tag k="oneway" v="no" />
    <tag k="highway" v="service" />
    <tag k="layer" v="estradas_unipe" />
    <tag k="path" v="C:/Users/ACER/Desktop/mapa_unipe/estradas_unipe.shp" />
  </way>
  <way id="239" version="1">
    <nd ref="817" />
    <nd ref="818" />
    <nd ref="819" />
    <nd ref="820" />
    <nd ref="821" />
    <nd ref="822" />
    <nd ref="823" />
    <nd ref="824" />
    <nd ref="825" />
    <nd ref="826" />
    <nd ref="827" />
    <nd ref="828" />
    <nd ref="829" />
    <nd ref="830" />
    <nd ref="831" />
    <nd ref="832" />
    <nd ref="609" />
    <nd ref="833" />
    <nd ref="644" />
    <tag k="oneway" v="no" />
    <tag k="highway" v="service" />
    <tag k="layer" v="estradas_unipe" />
    <tag k="path" v="C:/Users/ACER/Desktop/mapa_unipe/estradas_unipe.shp" />
  </way>
  <way id="240" version="1">
    <nd ref="831" />
    <nd ref="834" />
    <nd ref="835" />
    <nd ref="836" />
    <nd ref="837" />
    <nd ref="838" />
    <nd ref="839" />
    <nd ref="818" />
    <tag k="oneway" v="no" />
    <tag k="highway" v="service" />
    <tag k="layer" v="estradas_unipe" />
    <tag k="path" v="C:/Users/ACER/Desktop/mapa_unipe/estradas_unipe.shp" />
  </way>
  <way id="241" version="1">
    <nd ref="840" />
    <nd ref="841" />
    <nd ref="842" />
    <nd ref="843" />
    <tag k="oneway" v="no" />
    <tag k="highway" v="service" />
    <tag k="layer" v="estradas_unipe" />
    <tag k="path" v="C:/Users/ACER/Desktop/mapa_unipe/estradas_unipe.shp" />
  </way>
  <way id="242" version="1">
    <nd ref="842" />
    <nd ref="844" />
    <nd ref="845" />
    <nd ref="846" />
    <nd ref="835" />
    <tag k="oneway" v="no" />
    <tag k="highway" v="service" />
    <tag k="layer" v="estradas_unipe" />
    <tag k="path" v="C:/Users/ACER/Desktop/mapa_unipe/estradas_unipe.shp" />
  </way>
  <way id="243" version="1">
    <nd ref="847" />
    <nd ref="848" />
    <nd ref="849" />
    <nd ref="850" />
    <nd ref="844" />
    <tag k="oneway" v="no" />
    <tag k="highway" v="service" />
    <tag k="layer" v="estradas_unipe" />
    <tag k="path" v="C:/Users/ACER/Desktop/mapa_unipe/estradas_unipe.shp" />
  </way>
  <way id="244" version="1">
    <nd ref="851" />
    <nd ref="852" />
    <nd ref="853" />
    <nd ref="854" />
    <nd ref="834" />
    <tag k="oneway" v="no" />
    <tag k="highway" v="service" />
    <tag k="layer" v="estradas_unipe" />
    <tag k="path" v="C:/Users/ACER/Desktop/mapa_unipe/estradas_unipe.shp" />
  </way>
  <way id="245" version="1">
    <nd ref="828" />
    <nd ref="855" />
    <nd ref="856" />
    <nd ref="857" />
    <nd ref="858" />
    <nd ref="859" />
    <nd ref="860" />
    <nd ref="861" />
    <nd ref="862" />
    <nd ref="863" />
    <nd ref="864" />
    <nd ref="865" />
    <nd ref="612" />
    <tag k="oneway" v="no" />
    <tag k="highway" v="service" />
    <tag k="layer" v="estradas_unipe" />
    <tag k="path" v="C:/Users/ACER/Desktop/mapa_unipe/estradas_unipe.shp" />
  </way>
  <way id="246" version="1">
    <nd ref="593" />
    <nd ref="866" />
    <nd ref="867" />
    <nd ref="868" />
    <tag k="oneway" v="no" />
    <tag k="highway" v="service" />
    <tag k="layer" v="estradas_unipe" />
    <tag k="path" v="C:/Users/ACER/Desktop/mapa_unipe/estradas_unipe.shp" />
  </way>
  <way id="247" version="1">
    <nd ref="591" />
    <nd ref="869" />
    <nd ref="870" />
    <nd ref="871" />
    <nd ref="872" />
    <nd ref="873" />
    <nd ref="874" />
    <nd ref="875" />
    <nd ref="876" />
    <nd ref="877" />
    <nd ref="878" />
    <nd ref="879" />
    <nd ref="640" />
    <tag k="oneway" v="no" />
    <tag k="highway" v="service" />
    <tag k="layer" v="estradas_unipe" />
    <tag k="path" v="C:/Users/ACER/Desktop/mapa_unipe/estradas_unipe.shp" />
  </way>
  <way id="248" version="1">
    <nd ref="589" />
    <nd ref="880" />
    <nd ref="881" />
    <nd ref="882" />
    <nd ref="883" />
    <tag k="oneway" v="no" />
    <tag k="highway" v="service" />
    <tag k="layer" v="estradas_unipe" />
    <tag k="path" v="C:/Users/ACER/Desktop/mapa_unipe/estradas_unipe.shp" />
  </way>
  <way id="249" version="1">
    <nd ref="884" />
    <nd ref="870" />
    <tag k="oneway" v="no" />
    <tag k="highway" v="service" />
    <tag k="layer" v="estradas_unipe" />
    <tag k="path" v="C:/Users/ACER/Desktop/mapa_unipe/estradas_unipe.shp" />
  </way>
  <way id="250" version="1">
    <nd ref="885" />
    <nd ref="873" />
    <nd ref="886" />
    <tag k="oneway" v="no" />
    <tag k="highway" v="service" />
    <tag k="layer" v="estradas_unipe" />
    <tag k="path" v="C:/Users/ACER/Desktop/mapa_unipe/estradas_unipe.shp" />
  </way>
  <way id="251" version="1">
    <nd ref="806" />
    <nd ref="583" />
    <tag k="oneway" v="no" />
    <tag k="highway" v="service" />
    <tag k="layer" v="estradas_unipe" />
    <tag k="path" v="C:/Users/ACER/Desktop/mapa_unipe/estradas_unipe.shp" />
  </way>
  <way id="252" version="1">
    <nd ref="843" />
    <nd ref="847" />
    <nd ref="887" />
    <nd ref="664" />
    <tag k="oneway" v="no" />
    <tag k="highway" v="service" />
    <tag k="layer" v="estradas_unipe" />
    <tag k="path" v="C:/Users/ACER/Desktop/mapa_unipe/estradas_unipe.shp" />
  </way>
  <way id="253" version="1">
    <nd ref="656" />
    <nd ref="843" />
    <tag k="oneway" v="no" />
    <tag k="highway" v="service" />
    <tag k="layer" v="estradas_unipe" />
    <tag k="path" v="C:/Users/ACER/Desktop/mapa_unipe/estradas_unipe.shp" />
  </way>
  <way id="254" version="1">
    <nd ref="851" />
    <nd ref="669" />
    <tag k="oneway" v="no" />
    <tag k="highway" v="service" />
    <tag k="layer" v="estradas_unipe" />
    <tag k="path" v="C:/Users/ACER/Desktop/mapa_unipe/estradas_unipe.shp" />
  </way>
  <way id="255" version="1">
    <nd ref="664" />
    <nd ref="852" />
    <tag k="oneway" v="no" />
    <tag k="highway" v="service" />
    <tag k="layer" v="estradas_unipe" />
    <tag k="path" v="C:/Users/ACER/Desktop/mapa_unipe/estradas_unipe.shp" />
  </way>
  <way id="256" version="1">
    <nd ref="883" />
    <nd ref="653" />
    <tag k="oneway" v="no" />
    <tag k="highway" v="service" />
    <tag k="layer" v="estradas_unipe" />
    <tag k="path" v="C:/Users/ACER/Desktop/mapa_unipe/estradas_unipe.shp" />
  </way>
  <way id="257" version="1">
    <nd ref="687" />
    <nd ref="883" />
    <tag k="oneway" v="no" />
    <tag k="highway" v="service" />
    <tag k="layer" v="estradas_unipe" />
    <tag k="path" v="C:/Users/ACER/Desktop/mapa_unipe/estradas_unipe.shp" />
  </way>
  <way id="258" version="1">
    <nd ref="885" />
    <nd ref="684" />
    <tag k="oneway" v="no" />
    <tag k="highway" v="service" />
    <tag k="layer" v="estradas_unipe" />
    <tag k="path" v="C:/Users/ACER/Desktop/mapa_unipe/estradas_unipe.shp" />
  </way>
  <way id="259" version="1">
    <nd ref="678" />
    <nd ref="885" />
    <tag k="oneway" v="no" />
    <tag k="highway" v="service" />
    <tag k="layer" v="estradas_unipe" />
    <tag k="path" v="C:/Users/ACER/Desktop/mapa_unipe/estradas_unipe.shp" />
  </way>
  <way id="260" version="1">
    <nd ref="840" />
    <nd ref="716" />
    <tag k="oneway" v="no" />
    <tag k="highway" v="service" />
    <tag k="layer" v="estradas_unipe" />
    <tag k="path" v="C:/Users/ACER/Desktop/mapa_unipe/estradas_unipe.shp" />
  </way>
  <way id="261" version="1">
    <nd ref="710" />
    <nd ref="840" />
    <tag k="oneway" v="no" />
    <tag k="highway" v="service" />
    <tag k="layer" v="estradas_unipe" />
    <tag k="path" v="C:/Users/ACER/Desktop/mapa_unipe/estradas_unipe.shp" />
  </way>
  <way id="262" version="1">
    <nd ref="816" />
    <nd ref="699" />
    <tag k="oneway" v="no" />
    <tag k="highway" v="service" />
    <tag k="layer" v="estradas_unipe" />
    <tag k="path" v="C:/Users/ACER/Desktop/mapa_unipe/estradas_unipe.shp" />
  </way>
  <way id="263" version="1">
    <nd ref="695" />
    <nd ref="816" />
    <tag k="oneway" v="no" />
    <tag k="highway" v="service" />
    <tag k="layer" v="estradas_unipe" />
    <tag k="path" v="C:/Users/ACER/Desktop/mapa_unipe/estradas_unipe.shp" />
  </way>
  <way id="264" version="1">
    <nd ref="817" />
    <nd ref="707" />
    <tag k="oneway" v="no" />
    <tag k="highway" v="service" />
    <tag k="layer" v="estradas_unipe" />
    <tag k="path" v="C:/Users/ACER/Desktop/mapa_unipe/estradas_unipe.shp" />
  </way>
  <way id="265" version="1">
    <nd ref="701" />
    <nd ref="817" />
    <tag k="oneway" v="no" />
    <tag k="highway" v="service" />
    <tag k="layer" v="estradas_unipe" />
    <tag k="path" v="C:/Users/ACER/Desktop/mapa_unipe/estradas_unipe.shp" />
  </way>
  <way id="266" version="1">
    <nd ref="813" />
    <nd ref="759" />
    <tag k="oneway" v="no" />
    <tag k="highway" v="service" />
    <tag k="layer" v="estradas_unipe" />
    <tag k="path" v="C:/Users/ACER/Desktop/mapa_unipe/estradas_unipe.shp" />
  </way>
  <way id="267" version="1">
    <nd ref="748" />
    <nd ref="813" />
    <tag k="oneway" v="no" />
    <tag k="highway" v="service" />
    <tag k="layer" v="estradas_unipe" />
    <tag k="path" v="C:/Users/ACER/Desktop/mapa_unipe/estradas_unipe.shp" />
  </way>
  <way id="268" version="1">
    <nd ref="811" />
    <nd ref="743" />
    <tag k="oneway" v="no" />
    <tag k="highway" v="service" />
    <tag k="layer" v="estradas_unipe" />
    <tag k="path" v="C:/Users/ACER/Desktop/mapa_unipe/estradas_unipe.shp" />
  </way>
  <way id="269" version="1">
    <nd ref="737" />
    <nd ref="811" />
    <tag k="oneway" v="no" />
    <tag k="highway" v="service" />
    <tag k="layer" v="estradas_unipe" />
    <tag k="path" v="C:/Users/ACER/Desktop/mapa_unipe/estradas_unipe.shp" />
  </way>
  <way id="270" version="1">
    <nd ref="812" />
    <nd ref="771" />
    <tag k="oneway" v="no" />
    <tag k="highway" v="service" />
    <tag k="layer" v="estradas_unipe" />
    <tag k="path" v="C:/Users/ACER/Desktop/mapa_unipe/estradas_unipe.shp" />
  </way>
  <way id="271" version="1">
    <nd ref="801" />
    <nd ref="812" />
    <tag k="oneway" v="no" />
    <tag k="highway" v="service" />
    <tag k="layer" v="estradas_unipe" />
    <tag k="path" v="C:/Users/ACER/Desktop/mapa_unipe/estradas_unipe.shp" />
  </way>
  <way id="272" version="1">
    <nd ref="888" />
    <nd ref="889" />
    <tag k="oneway" v="no" />
    <tag k="highway" v="service" />
    <tag k="layer" v="estradas_unipe" />
    <tag k="path" v="C:/Users/ACER/Desktop/mapa_unipe/estradas_unipe.shp" />
  </way>
  <way id="273" version="1">
    <nd ref="119" />
    <nd ref="890" />
    <nd ref="391" />
    <tag k="highway" v="footway" />
    <tag k="footway" v="crossing" />
    <tag k="layer" v="faixa_pedestre_unipe" />
    <tag k="path" v="C:/Users/ACER/Desktop/mapa_unipe/faixa_pedestre_unipe.shp" />
  </way>
  <way id="274" version="1">
    <nd ref="160" />
    <nd ref="584" />
    <nd ref="294" />
    <tag k="highway" v="footway" />
    <tag k="footway" v="crossing" />
    <tag k="layer" v="faixa_pedestre_unipe" />
    <tag k="path" v="C:/Users/ACER/Desktop/mapa_unipe/faixa_pedestre_unipe.shp" />
  </way>
  <way id="275" version="1">
    <nd ref="165" />
    <nd ref="585" />
    <nd ref="187" />
    <tag k="highway" v="footway" />
    <tag k="footway" v="crossing" />
    <tag k="layer" v="faixa_pedestre_unipe" />
    <tag k="path" v="C:/Users/ACER/Desktop/mapa_unipe/faixa_pedestre_unipe.shp" />
  </way>
  <way id="276" version="1">
    <nd ref="68" />
    <nd ref="891" />
    <nd ref="587" />
    <nd ref="69" />
    <tag k="highway" v="footway" />
    <tag k="footway" v="crossing" />
    <tag k="layer" v="faixa_pedestre_unipe" />
    <tag k="path" v="C:/Users/ACER/Desktop/mapa_unipe/faixa_pedestre_unipe.shp" />
  </way>
  <way id="277" version="1">
    <nd ref="150" />
    <nd ref="871" />
    <nd ref="151" />
    <tag k="highway" v="footway" />
    <tag k="footway" v="crossing" />
    <tag k="layer" v="faixa_pedestre_unipe" />
    <tag k="path" v="C:/Users/ACER/Desktop/mapa_unipe/faixa_pedestre_unipe.shp" />
  </way>
  <way id="278" version="1">
    <nd ref="239" />
    <nd ref="837" />
    <nd ref="368" />
    <tag k="highway" v="footway" />
    <tag k="footway" v="crossing" />
    <tag k="layer" v="faixa_pedestre_unipe" />
    <tag k="path" v="C:/Users/ACER/Desktop/mapa_unipe/faixa_pedestre_unipe.shp" />
  </way>
  <way id="279" version="1">
    <nd ref="375" />
    <nd ref="846" />
    <nd ref="376" />
    <tag k="highway" v="footway" />
    <tag k="footway" v="crossing" />
    <tag k="layer" v="faixa_pedestre_unipe" />
    <tag k="path" v="C:/Users/ACER/Desktop/mapa_unipe/faixa_pedestre_unipe.shp" />
  </way>
  <way id="280" version="1">
    <nd ref="377" />
    <nd ref="854" />
    <nd ref="373" />
    <tag k="highway" v="footway" />
    <tag k="footway" v="crossing" />
    <tag k="layer" v="faixa_pedestre_unipe" />
    <tag k="path" v="C:/Users/ACER/Desktop/mapa_unipe/faixa_pedestre_unipe.shp" />
  </way>
  <way id="281" version="1">
    <nd ref="374" />
    <nd ref="832" />
    <nd ref="312" />
    <tag k="highway" v="footway" />
    <tag k="footway" v="crossing" />
    <tag k="layer" v="faixa_pedestre_unipe" />
    <tag k="path" v="C:/Users/ACER/Desktop/mapa_unipe/faixa_pedestre_unipe.shp" />
  </way>
  <way id="282" version="1">
    <nd ref="266" />
    <nd ref="814" />
    <nd ref="267" />
    <tag k="highway" v="footway" />
    <tag k="footway" v="crossing" />
    <tag k="layer" v="faixa_pedestre_unipe" />
    <tag k="path" v="C:/Users/ACER/Desktop/mapa_unipe/faixa_pedestre_unipe.shp" />
  </way>
  <way id="283" version="1">
    <nd ref="314" />
    <nd ref="810" />
    <nd ref="259" />
    <tag k="highway" v="footway" />
    <tag k="footway" v="crossing" />
    <tag k="layer" v="faixa_pedestre_unipe" />
    <tag k="path" v="C:/Users/ACER/Desktop/mapa_unipe/faixa_pedestre_unipe.shp" />
  </way>
  <way id="284" version="1">
    <nd ref="892" />
    <nd ref="808" />
    <nd ref="893" />
    <tag k="highway" v="footway" />
    <tag k="footway" v="crossing" />
    <tag k="layer" v="faixa_pedestre_unipe" />
    <tag k="path" v="C:/Users/ACER/Desktop/mapa_unipe/faixa_pedestre_unipe.shp" />
  </way>
  <way id="285" version="1">
    <nd ref="894" />
    <nd ref="866" />
    <nd ref="895" />
    <tag k="highway" v="footway" />
    <tag k="footway" v="crossing" />
    <tag k="layer" v="faixa_pedestre_unipe" />
    <tag k="path" v="C:/Users/ACER/Desktop/mapa_unipe/faixa_pedestre_unipe.shp" />
  </way>
  <way id="286" version="1">
    <nd ref="896" />
    <nd ref="594" />
    <nd ref="897" />
    <tag k="highway" v="footway" />
    <tag k="footway" v="crossing" />
    <tag k="layer" v="faixa_pedestre_unipe" />
    <tag k="path" v="C:/Users/ACER/Desktop/mapa_unipe/faixa_pedestre_unipe.shp" />
  </way>
  <way id="287" version="1">
    <nd ref="898" />
    <nd ref="580" />
    <nd ref="899" />
    <tag k="highway" v="footway" />
    <tag k="footway" v="crossing" />
    <tag k="layer" v="faixa_pedestre_unipe" />
    <tag k="path" v="C:/Users/ACER/Desktop/mapa_unipe/faixa_pedestre_unipe.shp" />
  </way>
  <way id="288" version="1">
    <nd ref="145" />
    <nd ref="900" />
    <nd ref="146" />
    <tag k="highway" v="footway" />
    <tag k="footway" v="crossing" />
    <tag k="layer" v="faixa_pedestre_unipe" />
    <tag k="path" v="C:/Users/ACER/Desktop/mapa_unipe/faixa_pedestre_unipe.shp" />
  </way>
  <way id="289" version="1">
    <nd ref="229" />
    <nd ref="841" />
    <nd ref="364" />
    <tag k="highway" v="footway" />
    <tag k="footway" v="crossing" />
    <tag k="layer" v="faixa_pedestre_unipe" />
    <tag k="path" v="C:/Users/ACER/Desktop/mapa_unipe/faixa_pedestre_unipe.shp" />
  </way>
</osm>