{
"type": "FeatureCollection",
"name": "caminhos_unipe",
"crs": { "type": "name", "properties": { "name": "urn:ogc:def:crs:OGC:1.3:CRS84" } },
"features": [
{ "type": "Feature", "properties": { "id": null, "oneway": null, "highway": "elevador", "junction": null, "wheelchair": "yes", "level": null, "name": null, "roundabout": null, "footway": null, "layer": "acessibilidade", "path": "C:/Users/ACER/Desktop/mapa_unipe/calcadas_acessibilidade.shp" }, "geometry": { "type": "MultiLineString", "coordinates": [ [ [ -34.855000704746828, -7.159734252256811 ], [ -34.855009569717843, -7.15970020255105 ], [ -34.855010580919412, -7.159700410004243 ], [ -34.855001763497945, -7.159734524859187 ] ] ] } },
{ "type": "Feature", "properties": { "id": null, "oneway": null, "highway": "elevador", "junction": null, "wheelchair": "yes", "level": null, "name": null, "roundabout": null, "footway": null, "layer": "acessibilidade", "path": "C:/Users/ACER/Desktop/mapa_unipe/calcadas_acessibilidade.shp" }, "geometry": { "type": "MultiLineString", "coordinates": [ [ [ -34.854260108431603, -7.159543762075907 ], [ -34.854268935045432, -7.15950986045683 ], [ -34.854269980515419, -7.15951012779798 ], [ -34.85426116737613, -7.159544034444665 ] ] ] } },
{ "type": "Feature", "properties": { "id": null, "oneway": null, "highway": "footway", "junction": null, "wheelchair": "no", "level": null, "name": null, "roundabout": null, "footway": null, "layer": "acessibilidade", "path": "C:/Users/ACER/Desktop/mapa_unipe/calcadas_acessibilidade.shp" }, "geometry": { "type": "MultiLineString", "coordinates": [ [ [ -34.854690112136133, -7.159723016181736 ], [ -34.854662285543753, -7.159715824415339 ], [ -34.854667332052507, -7.159696601635542 ], [ -34.854700737577602, -7.159705235149511 ] ] ] } },
{ "type": "Feature", "properties": { "id": null, "oneway": null, "highway": "footway", "junction": null, "wheelchair": "no", "level": null, "name": null, "roundabout": null, "footway": null, "layer": "acessibilidade", "path": "C:/Users/ACER/Desktop/mapa_unipe/calcadas_acessibilidade.shp" }, "geometry": { "type": "MultiLineString", "coordinates": [ [ [ -34.853919207459853, -7.159524320161125 ], [ -34.853891397792466, -7.159517132772859 ], [ -34.853896531301523, -7.159497437734484 ], [ -34.853929936390124, -7.15950601305102 ] ] ] } },
{ "type": "Feature", "properties": { "id": null, "oneway": null, "highway": "footway", "junction": null, "wheelchair": null, "level": null, "name": null, "roundabout": null, "footway": null, "layer": "calcadas_unipe", "path": "C:/Users/ACER/Desktop/mapa_unipe/calcadas_unipe.shp" }, "geometry": { "type": "MultiLineString", "coordinates": [ ] } },
{ "type": "Feature", "properties": { "id": null, "oneway": null, "highway": "footway", "junction": null, "wheelchair": null, "level": null, "name": null, "roundabout": null, "footway": null, "layer": "calcadas_unipe", "path": "C:/Users/ACER/Desktop/mapa_unipe/calcadas_unipe.shp" }, "geometry": { "type": "MultiLineString", "coordinates": [ [ [ -34.857879736913844, -7.15816903019853 ], [ -34.857990291018183, -7.158798590657668 ], [ -34.858004156845297, -7.158913188478684 ], [ -34.857989000937764, -7.15898112127786 ], [ -34.857969077807603, -7.159013789211662 ], [ -34.857930675458675, -7.159047454993376 ], [ -34.857027302010799, -7.159581110909334 ], [ -34.856362113839928, -7.159408013157397 ] ] ] } },
{ "type": "Feature", "properties": { "id": null, "oneway": null, "highway": "footway", "junction": null, "wheelchair": null, "level": null, "name": null, "roundabout": null, "footway": null, "layer": "calcadas_unipe", "path": "C:/Users/ACER/Desktop/mapa_unipe/calcadas_unipe.shp" }, "geometry": { "type": "MultiLineString", "coordinates": [ [ [ -34.857837338105469, -7.15819113257109 ], [ -34.857841798759218, -7.158317270331389 ], [ -34.857888635623596, -7.158562906922406 ], [ -34.857923205690156, -7.158758752217781 ], [ -34.857934357324538, -7.158858334539119 ], [ -34.857933242161103, -7.158941319790292 ], [ -34.857925436017041, -7.158978939765849 ], [ -34.857902575166563, -7.15900770798036 ], [ -34.857800537712031, -7.159061924995084 ], [ -34.857586426332027, -7.159124993759202 ], [ -34.857492752603271, -7.159161507250234 ], [ -34.857091742032118, -7.159443663942032 ], [ -34.857032747685288, -7.159492341475154 ], [ -34.857008214089653, -7.159500916606556 ], [ -34.856359760852371, -7.15933863492359 ] ] ] } },
{ "type": "Feature", "properties": { "id": null, "oneway": null, "highway": "footway", "junction": null, "wheelchair": null, "level": null, "name": null, "roundabout": null, "footway": null, "layer": "calcadas_unipe", "path": "C:/Users/ACER/Desktop/mapa_unipe/calcadas_unipe.shp" }, "geometry": { "type": "MultiLineString", "coordinates": [ [ [ -34.856362113839928, -7.159408013157397 ], [ -34.856359760852371, -7.15933863492359 ], [ -34.856339222226211, -7.158733049628587 ], [ -34.856333356464347, -7.158560096377787 ], [ -34.856294094522113, -7.157404578678319 ] ] ] } },
{ "type": "Feature", "properties": { "id": null, "oneway": null, "highway": "footway", "junction": null, "wheelchair": null, "level": null, "name": null, "roundabout": null, "footway": null, "layer": "calcadas_unipe", "path": "C:/Users/ACER/Desktop/mapa_unipe/calcadas_unipe.shp" }, "geometry": { "type": "MultiLineString", "coordinates": [ [ [ -34.856362113839928, -7.159408013157397 ], [ -34.85605984260922, -7.159361319700267 ], [ -34.856057845666236, -7.159370477125078 ], [ -34.856029059496521, -7.159480323967536 ], [ -34.855990521472137, -7.159627381300669 ], [ -34.856030315083146, -7.159637875002589 ], [ -34.855993450076269, -7.15978235103596 ], [ -34.85588578679311, -7.160204290295764 ], [ -34.855608948202836, -7.160138736229384 ], [ -34.855637862401913, -7.160026493730777 ] ] ] } },
{ "type": "Feature", "properties": { "id": null, "oneway": null, "highway": "footway", "junction": null, "wheelchair": null, "level": null, "name": null, "roundabout": null, "footway": null, "layer": "calcadas_unipe", "path": "C:/Users/ACER/Desktop/mapa_unipe/calcadas_unipe.shp" }, "geometry": { "type": "MultiLineString", "coordinates": [ [ [ -34.855993449907729, -7.159782351306715 ], [ -34.855919966572799, -7.15976170942177 ] ] ] } },
{ "type": "Feature", "properties": { "id": null, "oneway": null, "highway": "footway", "junction": null, "wheelchair": null, "level": null, "name": null, "roundabout": null, "footway": null, "layer": "calcadas_unipe", "path": "C:/Users/ACER/Desktop/mapa_unipe/calcadas_unipe.shp" }, "geometry": { "type": "MultiLineString", "coordinates": [ [ [ -34.856042311261767, -7.159484134060571 ], [ -34.856029061620397, -7.159480322660947 ], [ -34.8558641703871, -7.159432915814296 ], [ -34.855804656738982, -7.15941580705633 ] ] ] } },
{ "type": "Feature", "properties": { "id": null, "oneway": null, "highway": "footway", "junction": null, "wheelchair": null, "level": null, "name": null, "roundabout": null, "footway": null, "layer": "calcadas_unipe", "path": "C:/Users/ACER/Desktop/mapa_unipe/calcadas_unipe.shp" }, "geometry": { "type": "MultiLineString", "coordinates": [ [ [ -34.855791175596828, -7.159467332188706 ], [ -34.855804656738982, -7.15941580705633 ], [ -34.855810040410546, -7.159395209784531 ], [ -34.855823121106909, -7.159345164629277 ], [ -34.855836015947418, -7.159295830530531 ], [ -34.855799658067646, -7.159290067037538 ], [ -34.855713843016055, -7.159318570846066 ] ] ] } },
{ "type": "Feature", "properties": { "id": null, "oneway": null, "highway": "footway", "junction": null, "wheelchair": null, "level": null, "name": null, "roundabout": null, "footway": null, "layer": "calcadas_unipe", "path": "C:/Users/ACER/Desktop/mapa_unipe/calcadas_unipe.shp" }, "geometry": { "type": "MultiLineString", "coordinates": [ [ [ -34.855823121106909, -7.159345164629277 ], [ -34.855713843016055, -7.159318570846066 ], [ -34.855669143570665, -7.159307692842982 ], [ -34.85551714976836, -7.159270703812758 ], [ -34.855493909580481, -7.159361173947371 ] ] ] } },
{ "type": "Feature", "properties": { "id": null, "oneway": null, "highway": "footway", "junction": null, "wheelchair": null, "level": null, "name": null, "roundabout": null, "footway": null, "layer": "calcadas_unipe", "path": "C:/Users/ACER/Desktop/mapa_unipe/calcadas_unipe.shp" }, "geometry": { "type": "MultiLineString", "coordinates": [ [ [ -34.855810040410546, -7.159395209784531 ], [ -34.855493909580481, -7.159361173947371 ], [ -34.85548129258671, -7.159410289770227 ], [ -34.85544364873514, -7.159432974133199 ], [ -34.855410872757162, -7.159452721857963 ] ] ] } },
{ "type": "Feature", "properties": { "id": null, "oneway": null, "highway": "footway", "junction": null, "wheelchair": null, "level": null, "name": null, "roundabout": null, "footway": null, "layer": "calcadas_unipe", "path": "C:/Users/ACER/Desktop/mapa_unipe/calcadas_unipe.shp" }, "geometry": { "type": "MultiLineString", "coordinates": [ [ [ -34.855339650784394, -7.159441283741754 ], [ -34.855338152612319, -7.159440954244291 ], [ -34.85531389219139, -7.159446293942306 ], [ -34.855252943132328, -7.159489024517247 ], [ -34.855231761243921, -7.159490558448591 ], [ -34.85515901127625, -7.1594731914684 ], [ -34.854812401715975, -7.159390448310974 ] ] ] } },
{ "type": "Feature", "properties": { "id": null, "oneway": null, "highway": "footway", "junction": null, "wheelchair": null, "level": null, "name": null, "roundabout": null, "footway": null, "layer": "calcadas_unipe", "path": "C:/Users/ACER/Desktop/mapa_unipe/calcadas_unipe.shp" }, "geometry": { "type": "MultiLineString", "coordinates": [ [ [ -34.85515901127625, -7.1594731914684 ], [ -34.855161700247322, -7.159505800752729 ], [ -34.855125217635589, -7.159641158971834 ], [ -34.855102962314369, -7.15972373090902 ], [ -34.855062516789879, -7.159880093135728 ] ] ] } },
{ "type": "Feature", "properties": { "id": null, "oneway": null, "highway": "footway", "junction": null, "wheelchair": null, "level": null, "name": null, "roundabout": null, "footway": null, "layer": "calcadas_unipe", "path": "C:/Users/ACER/Desktop/mapa_unipe/calcadas_unipe.shp" }, "geometry": { "type": "MultiLineString", "coordinates": [ [ [ -34.855062516789879, -7.159880093135728 ], [ -34.855171258748278, -7.160050508121281 ], [ -34.855170445081484, -7.16006402152566 ] ] ] } },
{ "type": "Feature", "properties": { "id": null, "oneway": null, "highway": "footway", "junction": null, "wheelchair": null, "level": null, "name": null, "roundabout": null, "footway": null, "layer": "calcadas_unipe", "path": "C:/Users/ACER/Desktop/mapa_unipe/calcadas_unipe.shp" }, "geometry": { "type": "MultiLineString", "coordinates": [ [ [ -34.855062516789879, -7.159880093135728 ], [ -34.854873508127682, -7.159986835254728 ] ] ] } },
{ "type": "Feature", "properties": { "id": null, "oneway": null, "highway": "footway", "junction": null, "wheelchair": null, "level": null, "name": null, "roundabout": null, "footway": null, "layer": "calcadas_unipe", "path": "C:/Users/ACER/Desktop/mapa_unipe/calcadas_unipe.shp" }, "geometry": { "type": "MultiLineString", "coordinates": [ [ [ -34.854770636014834, -7.159548205807878 ], [ -34.854949698344882, -7.159595127465256 ], [ -34.855125217635589, -7.159641158971834 ] ] ] } },
{ "type": "Feature", "properties": { "id": null, "oneway": null, "highway": "footway", "junction": null, "wheelchair": null, "level": null, "name": null, "roundabout": null, "footway": null, "layer": "calcadas_unipe", "path": "C:/Users/ACER/Desktop/mapa_unipe/calcadas_unipe.shp" }, "geometry": { "type": "MultiLineString", "coordinates": [ [ [ -34.855041629876844, -7.159721829388639 ], [ -34.855045131076686, -7.159708387118505 ], [ -34.855102962314369, -7.15972373090902 ] ] ] } },
{ "type": "Feature", "properties": { "id": null, "oneway": null, "highway": "footway", "junction": null, "wheelchair": null, "level": null, "name": null, "roundabout": null, "footway": null, "layer": "calcadas_unipe", "path": "C:/Users/ACER/Desktop/mapa_unipe/calcadas_unipe.shp" }, "geometry": { "type": "MultiLineString", "coordinates": [ [ [ -34.854823707459936, -7.159665778067768 ], [ -34.854949698344882, -7.159595127465256 ] ] ] } },
{ "type": "Feature", "properties": { "id": null, "oneway": null, "highway": "footway", "junction": null, "wheelchair": null, "level": null, "name": null, "roundabout": null, "footway": null, "layer": "calcadas_unipe", "path": "C:/Users/ACER/Desktop/mapa_unipe/calcadas_unipe.shp" }, "geometry": { "type": "MultiLineString", "coordinates": [ [ [ -34.854700919477722, -7.159552889549537 ], [ -34.854600585719318, -7.15952613129649 ], [ -34.854525184670386, -7.15950602233884 ], [ -34.854381687871246, -7.159467752563919 ], [ -34.854135555723531, -7.159402110715935 ], [ -34.85399527655391, -7.159364699166678 ] ] ] } },
{ "type": "Feature", "properties": { "id": null, "oneway": null, "highway": "footway", "junction": null, "wheelchair": null, "level": null, "name": null, "roundabout": null, "footway": null, "layer": "calcadas_unipe", "path": "C:/Users/ACER/Desktop/mapa_unipe/calcadas_unipe.shp" }, "geometry": { "type": "MultiLineString", "coordinates": [ [ [ -34.854135555723531, -7.159402110715935 ], [ -34.854435648876574, -7.159261301502621 ], [ -34.854600585719318, -7.15952613129649 ] ] ] } },
{ "type": "Feature", "properties": { "id": null, "oneway": null, "highway": "footway", "junction": null, "wheelchair": null, "level": null, "name": null, "roundabout": null, "footway": null, "layer": "calcadas_unipe", "path": "C:/Users/ACER/Desktop/mapa_unipe/calcadas_unipe.shp" }, "geometry": { "type": "MultiLineString", "coordinates": [ [ [ -34.854016242741473, -7.159458094544116 ], [ -34.854135555723531, -7.159402110715935 ] ] ] } },
{ "type": "Feature", "properties": { "id": null, "oneway": null, "highway": "footway", "junction": null, "wheelchair": null, "level": null, "name": null, "roundabout": null, "footway": null, "layer": "calcadas_unipe", "path": "C:/Users/ACER/Desktop/mapa_unipe/calcadas_unipe.shp" }, "geometry": { "type": "MultiLineString", "coordinates": [ [ [ -34.854504594728255, -7.159583699807615 ], [ -34.854525184670386, -7.15950602233884 ] ] ] } },
{ "type": "Feature", "properties": { "id": null, "oneway": null, "highway": "footway", "junction": null, "wheelchair": null, "level": null, "name": null, "roundabout": null, "footway": null, "layer": "calcadas_unipe", "path": "C:/Users/ACER/Desktop/mapa_unipe/calcadas_unipe.shp" }, "geometry": { "type": "MultiLineString", "coordinates": [ [ [ -34.856333356464347, -7.158560096377787 ], [ -34.856032399999989, -7.1585715 ], [ -34.8559129, -7.158576 ], [ -34.8559046, -7.1584656 ], [ -34.8557922, -7.1584748 ], [ -34.855766891161167, -7.15865942307178 ], [ -34.855742144165973, -7.15875863112946 ], [ -34.855707107650524, -7.158899096818505 ], [ -34.855659466254373, -7.159090112771729 ], [ -34.855647787520795, -7.159136936334458 ], [ -34.855709980622308, -7.159152731326025 ], [ -34.855695427208786, -7.159208824110219 ] ] ] } },
{ "type": "Feature", "properties": { "id": null, "oneway": null, "highway": "footway", "junction": null, "wheelchair": null, "level": null, "name": null, "roundabout": null, "footway": null, "layer": "calcadas_unipe", "path": "C:/Users/ACER/Desktop/mapa_unipe/calcadas_unipe.shp" }, "geometry": { "type": "MultiLineString", "coordinates": [ [ [ -34.856339222226211, -7.158733049628587 ], [ -34.85609378654587, -7.158740657739612 ], [ -34.856032399999989, -7.1585715 ] ] ] } },
{ "type": "Feature", "properties": { "id": null, "oneway": null, "highway": "footway", "junction": null, "wheelchair": null, "level": null, "name": null, "roundabout": null, "footway": null, "layer": "calcadas_unipe", "path": "C:/Users/ACER/Desktop/mapa_unipe/calcadas_unipe.shp" }, "geometry": { "type": "MultiLineString", "coordinates": [ [ [ -34.855522687502521, -7.159669867588033 ], [ -34.855427907260335, -7.159643386120774 ], [ -34.855454522990897, -7.159539741627617 ], [ -34.85544364873514, -7.159432974133199 ] ] ] } },
{ "type": "Feature", "properties": { "id": null, "oneway": null, "highway": "footway", "junction": null, "wheelchair": null, "level": null, "name": null, "roundabout": null, "footway": null, "layer": "calcadas_unipe", "path": "C:/Users/ACER/Desktop/mapa_unipe/calcadas_unipe.shp" }, "geometry": { "type": "MultiLineString", "coordinates": [ [ [ -34.85515901127625, -7.1594731914684 ], [ -34.855180278252789, -7.15943589485456 ], [ -34.855216430641818, -7.159299155544068 ], [ -34.855210347568736, -7.159255312976883 ], [ -34.85523703715117, -7.159153016417556 ] ] ] } },
{ "type": "Feature", "properties": { "id": null, "oneway": null, "highway": "footway", "junction": null, "wheelchair": null, "level": null, "name": null, "roundabout": null, "footway": null, "layer": "calcadas_unipe", "path": "C:/Users/ACER/Desktop/mapa_unipe/calcadas_unipe.shp" }, "geometry": { "type": "MultiLineString", "coordinates": [ ] } },
{ "type": "Feature", "properties": { "id": null, "oneway": null, "highway": "footway", "junction": null, "wheelchair": null, "level": null, "name": null, "roundabout": null, "footway": null, "layer": "calcadas_unipe", "path": "C:/Users/ACER/Desktop/mapa_unipe/calcadas_unipe.shp" }, "geometry": { "type": "MultiLineString", "coordinates": [ ] } },
{ "type": "Feature", "properties": { "id": null, "oneway": null, "highway": "footway", "junction": null, "wheelchair": null, "level": null, "name": null, "roundabout": null, "footway": null, "layer": "calcadas_unipe", "path": "C:/Users/ACER/Desktop/mapa_unipe/calcadas_unipe.shp" }, "geometry": { "type": "MultiLineString", "coordinates": [ [ [ -34.854836225265089, -7.159205116016087 ], [ -34.854853147544276, -7.159184337395924 ], [ -34.854883692979165, -7.159060336809422 ], [ -34.854885649254726, -7.159052395218362 ] ] ] } },
{ "type": "Feature", "properties": { "id": null, "oneway": null, "highway": "footway", "junction": null, "wheelchair": null, "level": null, "name": null, "roundabout": null, "footway": null, "layer": "calcadas_unipe", "path": "C:/Users/ACER/Desktop/mapa_unipe/calcadas_unipe.shp" }, "geometry": { "type": "MultiLineString", "coordinates": [ [ [ -34.855210347568736, -7.159255312976883 ], [ -34.855371931688069, -7.159188397831089 ] ] ] } },
{ "type": "Feature", "properties": { "id": null, "oneway": null, "highway": "footway", "junction": null, "wheelchair": null, "level": null, "name": null, "roundabout": null, "footway": null, "layer": "calcadas_unipe", "path": "C:/Users/ACER/Desktop/mapa_unipe/calcadas_unipe.shp" }, "geometry": { "type": "MultiLineString", "coordinates": [ [ [ -34.855371931011064, -7.159188398026243 ], [ -34.85523703715117, -7.159153016417556 ], [ -34.854883692979165, -7.159060336809422 ], [ -34.854513230703738, -7.158963167574869 ], [ -34.85431512979136, -7.158911206020028 ], [ -34.854105850302815, -7.158856313469555 ], [ -34.853913198423022, -7.15880578187348 ], [ -34.853799439682881, -7.158777659403027 ], [ -34.853762028401981, -7.158778666241477 ], [ -34.853715700856633, -7.158798846062497 ], [ -34.8536908598441, -7.158824637121081 ], [ -34.85367778892369, -7.158854322461909 ], [ -34.853671772273948, -7.158887629416695 ], [ -34.8537531157465, -7.158908972862247 ], [ -34.853749682851344, -7.158921925952813 ] ] ] } },
{ "type": "Feature", "properties": { "id": null, "oneway": null, "highway": "footway", "junction": null, "wheelchair": null, "level": null, "name": null, "roundabout": null, "footway": null, "layer": "calcadas_unipe", "path": "C:/Users/ACER/Desktop/mapa_unipe/calcadas_unipe.shp" }, "geometry": { "type": "MultiLineString", "coordinates": [ [ [ -34.85428155025533, -7.159832965153153 ], [ -34.854297112974152, -7.159791330062448 ], [ -34.854355413786891, -7.159568275353344 ], [ -34.854381687871246, -7.159467752563919 ], [ -34.854435648876574, -7.159261301502621 ], [ -34.854437653196136, -7.159253294747415 ], [ -34.85444128742968, -7.159239009540347 ], [ -34.854469549146664, -7.159132125033819 ], [ -34.854476289672029, -7.159106632674964 ], [ -34.854513230703738, -7.158963167574869 ], [ -34.854515190023925, -7.158955551509629 ] ] ] } },
{ "type": "Feature", "properties": { "id": null, "oneway": null, "highway": "footway", "junction": null, "wheelchair": null, "level": null, "name": null, "roundabout": null, "footway": null, "layer": "calcadas_unipe", "path": "C:/Users/ACER/Desktop/mapa_unipe/calcadas_unipe.shp" }, "geometry": { "type": "MultiLineString", "coordinates": [ [ [ -34.854057085931828, -7.159002045712619 ], [ -34.854086694609961, -7.158950919598797 ], [ -34.85410324728398, -7.158866288062647 ], [ -34.854105844254605, -7.158856311919548 ], [ -34.854106799415533, -7.158848791342353 ] ] ] } },
{ "type": "Feature", "properties": { "id": null, "oneway": null, "highway": "footway", "junction": null, "wheelchair": null, "level": null, "name": null, "roundabout": null, "footway": null, "layer": "calcadas_unipe", "path": "C:/Users/ACER/Desktop/mapa_unipe/calcadas_unipe.shp" }, "geometry": { "type": "MultiLineString", "coordinates": [ [ [ -34.854122395729313, -7.158779130948115 ], [ -34.85414000929444, -7.158700556719157 ] ] ] } },
{ "type": "Feature", "properties": { "id": null, "oneway": null, "highway": "footway", "junction": null, "wheelchair": null, "level": null, "name": null, "roundabout": null, "footway": null, "layer": "calcadas_unipe", "path": "C:/Users/ACER/Desktop/mapa_unipe/calcadas_unipe.shp" }, "geometry": { "type": "MultiLineString", "coordinates": [ [ [ -34.854294947839342, -7.158157068132999 ], [ -34.854345076120865, -7.158098147456842 ], [ -34.854349448233187, -7.158075504645825 ] ] ] } },
{ "type": "Feature", "properties": { "id": null, "oneway": null, "highway": "footway", "junction": null, "wheelchair": null, "level": null, "name": null, "roundabout": null, "footway": null, "layer": "calcadas_unipe", "path": "C:/Users/ACER/Desktop/mapa_unipe/calcadas_unipe.shp" }, "geometry": { "type": "MultiLineString", "coordinates": [ [ [ -34.854363198303325, -7.158005372837795 ], [ -34.854382905888819, -7.157925015480323 ], [ -34.854752716433552, -7.158019639537805 ] ] ] } },
{ "type": "Feature", "properties": { "id": null, "oneway": null, "highway": "footway", "junction": null, "wheelchair": null, "level": null, "name": null, "roundabout": null, "footway": null, "layer": "calcadas_unipe", "path": "C:/Users/ACER/Desktop/mapa_unipe/calcadas_unipe.shp" }, "geometry": { "type": "MultiLineString", "coordinates": [ ] } },
{ "type": "Feature", "properties": { "id": null, "oneway": null, "highway": "footway", "junction": null, "wheelchair": null, "level": null, "name": null, "roundabout": null, "footway": null, "layer": "calcadas_unipe", "path": "C:/Users/ACER/Desktop/mapa_unipe/calcadas_unipe.shp" }, "geometry": { "type": "MultiLineString", "coordinates": [ [ [ -34.854718165352779, -7.158090643115667 ], [ -34.854733412093047, -7.158048675366513 ], [ -34.854752716433552, -7.158019639537805 ], [ -34.854777184992543, -7.158007195610649 ], [ -34.854797195413511, -7.158003403891467 ] ] ] } },
{ "type": "Feature", "properties": { "id": null, "oneway": null, "highway": "footway", "junction": null, "wheelchair": null, "level": null, "name": null, "roundabout": null, "footway": null, "layer": "calcadas_unipe", "path": "C:/Users/ACER/Desktop/mapa_unipe/calcadas_unipe.shp" }, "geometry": { "type": "MultiLineString", "coordinates": [ [ [ -34.854679023012821, -7.159765386902586 ], [ -34.854648792930512, -7.159890537100591 ], [ -34.854640233333001, -7.159926200309173 ] ] ] } },
{ "type": "Feature", "properties": { "id": null, "oneway": null, "highway": "footway", "junction": null, "wheelchair": null, "level": null, "name": null, "roundabout": null, "footway": null, "layer": "calcadas_unipe", "path": "C:/Users/ACER/Desktop/mapa_unipe/calcadas_unipe.shp" }, "geometry": { "type": "MultiLineString", "coordinates": [ [ [ -34.854648792930512, -7.159890537100591 ], [ -34.854297112974152, -7.159791330062448 ], [ -34.854201167273921, -7.159767377472001 ], [ -34.854148266665582, -7.159770281952604 ], [ -34.853877807844988, -7.159704803821941 ] ] ] } },
{ "type": "Feature", "properties": { "id": null, "oneway": null, "highway": "footway", "junction": null, "wheelchair": null, "level": null, "name": null, "roundabout": null, "footway": null, "layer": "calcadas_unipe", "path": "C:/Users/ACER/Desktop/mapa_unipe/calcadas_unipe.shp" }, "geometry": { "type": "MultiLineString", "coordinates": [ ] } },
{ "type": "Feature", "properties": { "id": null, "oneway": null, "highway": "footway", "junction": null, "wheelchair": null, "level": null, "name": null, "roundabout": null, "footway": null, "layer": "calcadas_unipe", "path": "C:/Users/ACER/Desktop/mapa_unipe/calcadas_unipe.shp" }, "geometry": { "type": "MultiLineString", "coordinates": [ [ [ -34.853908030131919, -7.159567086068059 ], [ -34.853877807844988, -7.159704803821941 ], [ -34.853872989841371, -7.159726764920691 ] ] ] } },
{ "type": "Feature", "properties": { "id": null, "oneway": null, "highway": "footway", "junction": null, "wheelchair": null, "level": null, "name": null, "roundabout": null, "footway": null, "layer": "calcadas_unipe", "path": "C:/Users/ACER/Desktop/mapa_unipe/calcadas_unipe.shp" }, "geometry": { "type": "MultiLineString", "coordinates": [ [ [ -34.853607042125738, -7.159788307359214 ], [ -34.853618566987841, -7.159784415249129 ], [ -34.853637655955218, -7.159766232733787 ], [ -34.853682705918217, -7.159767747943429 ], [ -34.853784912890681, -7.159786557642011 ], [ -34.853855680592076, -7.159804970341805 ], [ -34.854049450019659, -7.159855386251319 ], [ -34.854251077832565, -7.159907847177865 ], [ -34.854387664629563, -7.159943384625448 ], [ -34.854531730630768, -7.159980868435301 ], [ -34.854583600938263, -7.159994364309545 ], [ -34.854619466473054, -7.160003696338276 ], [ -34.854726965682637, -7.160031665658748 ], [ -34.854798114304295, -7.160050185466932 ] ] ] } },
{ "type": "Feature", "properties": { "id": null, "oneway": null, "highway": "footway", "junction": null, "wheelchair": null, "level": null, "name": null, "roundabout": null, "footway": null, "layer": "calcadas_unipe", "path": "C:/Users/ACER/Desktop/mapa_unipe/calcadas_unipe.shp" }, "geometry": { "type": "MultiLineString", "coordinates": [ [ [ -34.854256431178932, -7.159900175925759 ], [ -34.854251077832565, -7.159907847177865 ], [ -34.854245565518305, -7.15991575479404 ], [ -34.854153946027246, -7.159967934404797 ], [ -34.854056905019206, -7.160010198021547 ], [ -34.854014678116073, -7.160004609452327 ], [ -34.853980369257883, -7.15999390087928 ], [ -34.853876863544443, -7.159839920327332 ], [ -34.853855680592076, -7.159804970341805 ], [ -34.853856059558638, -7.159795506877304 ] ] ] } },
{ "type": "Feature", "properties": { "id": null, "oneway": null, "highway": "footway", "junction": null, "wheelchair": null, "level": null, "name": null, "roundabout": null, "footway": null, "layer": "calcadas_unipe", "path": "C:/Users/ACER/Desktop/mapa_unipe/calcadas_unipe.shp" }, "geometry": { "type": "MultiLineString", "coordinates": [ [ [ -34.854002837685925, -7.160054095121321 ], [ -34.854005828898408, -7.160041593705173 ], [ -34.854014678116073, -7.160004609452327 ], [ -34.854049450019659, -7.159855386251319 ] ] ] } },
{ "type": "Feature", "properties": { "id": null, "oneway": null, "highway": "footway", "junction": null, "wheelchair": null, "level": null, "name": null, "roundabout": null, "footway": null, "layer": "calcadas_unipe", "path": "C:/Users/ACER/Desktop/mapa_unipe/calcadas_unipe.shp" }, "geometry": { "type": "MultiLineString", "coordinates": [ ] } },
{ "type": "Feature", "properties": { "id": null, "oneway": null, "highway": "footway", "junction": null, "wheelchair": null, "level": null, "name": null, "roundabout": null, "footway": null, "layer": "calcadas_unipe", "path": "C:/Users/ACER/Desktop/mapa_unipe/calcadas_unipe.shp" }, "geometry": { "type": "MultiLineString", "coordinates": [ ] } },
{ "type": "Feature", "properties": { "id": null, "oneway": null, "highway": "footway", "junction": null, "wheelchair": null, "level": null, "name": null, "roundabout": null, "footway": null, "layer": "calcadas_unipe", "path": "C:/Users/ACER/Desktop/mapa_unipe/calcadas_unipe.shp" }, "geometry": { "type": "MultiLineString", "coordinates": [ ] } },
{ "type": "Feature", "properties": { "id": null, "oneway": null, "highway": "footway", "junction": null, "wheelchair": null, "level": null, "name": null, "roundabout": null, "footway": null, "layer": "calcadas_unipe", "path": "C:/Users/ACER/Desktop/mapa_unipe/calcadas_unipe.shp" }, "geometry": { "type": "MultiLineString", "coordinates": [ ] } },
{ "type": "Feature", "properties": { "id": null, "oneway": null, "highway": "footway", "junction": null, "wheelchair": null, "level": null, "name": null, "roundabout": null, "footway": null, "layer": "calcadas_unipe", "path": "C:/Users/ACER/Desktop/mapa_unipe/calcadas_unipe.shp" }, "geometry": { "type": "MultiLineString", "coordinates": [ ] } },
{ "type": "Feature", "properties": { "id": null, "oneway": null, "highway": "footway", "junction": null, "wheelchair": null, "level": null, "name": null, "roundabout": null, "footway": null, "layer": "calcadas_unipe", "path": "C:/Users/ACER/Desktop/mapa_unipe/calcadas_unipe.shp" }, "geometry": { "type": "MultiLineString", "coordinates": [ ] } },
{ "type": "Feature", "properties": { "id": null, "oneway": null, "highway": "footway", "junction": null, "wheelchair": null, "level": null, "name": null, "roundabout": null, "footway": null, "layer": "calcadas_unipe", "path": "C:/Users/ACER/Desktop/mapa_unipe/calcadas_unipe.shp" }, "geometry": { "type": "MultiLineString", "coordinates": [ [ [ -34.854538780010749, -7.158889313579401 ], [ -34.854575996910107, -7.158704595336434 ], [ -34.854582148439938, -7.158680205733901 ], [ -34.85463585020802, -7.158467288759343 ] ] ] } },
{ "type": "Feature", "properties": { "id": null, "oneway": null, "highway": "footway", "junction": null, "wheelchair": null, "level": null, "name": null, "roundabout": null, "footway": null, "layer": "calcadas_unipe", "path": "C:/Users/ACER/Desktop/mapa_unipe/calcadas_unipe.shp" }, "geometry": { "type": "MultiLineString", "coordinates": [ [ [ -34.854744678420154, -7.158518248029646 ], [ -34.85470242628282, -7.15852391237771 ], [ -34.854663462380941, -7.158477020552914 ], [ -34.854660605329883, -7.158473602215134 ], [ -34.85463585020802, -7.158467288759343 ], [ -34.854588772706578, -7.158455295662494 ], [ -34.854585579434385, -7.158467469210968 ] ] ] } },
{ "type": "Feature", "properties": { "id": null, "oneway": null, "highway": "footway", "junction": null, "wheelchair": null, "level": null, "name": null, "roundabout": null, "footway": null, "layer": "calcadas_unipe", "path": "C:/Users/ACER/Desktop/mapa_unipe/calcadas_unipe.shp" }, "geometry": { "type": "MultiLineString", "coordinates": [ [ [ -34.854582148439938, -7.158680205733901 ], [ -34.854573493142176, -7.158678078211047 ], [ -34.854532442889621, -7.158667391023143 ], [ -34.854528967544852, -7.158680534985288 ] ] ] } },
{ "type": "Feature", "properties": { "id": null, "oneway": null, "highway": "footway", "junction": null, "wheelchair": null, "level": null, "name": null, "roundabout": null, "footway": null, "layer": "calcadas_unipe", "path": "C:/Users/ACER/Desktop/mapa_unipe/calcadas_unipe.shp" }, "geometry": { "type": "MultiLineString", "coordinates": [ [ [ -34.854575996910107, -7.158704595336434 ], [ -34.854601971585737, -7.158710830250131 ], [ -34.854670524869697, -7.158794841468559 ] ] ] } },
{ "type": "Feature", "properties": { "id": null, "oneway": null, "highway": "footway", "junction": null, "wheelchair": null, "level": null, "name": null, "roundabout": null, "footway": null, "layer": "calcadas_unipe", "path": "C:/Users/ACER/Desktop/mapa_unipe/calcadas_unipe.shp" }, "geometry": { "type": "MultiLineString", "coordinates": [ [ [ -34.854663462380941, -7.158477020552914 ], [ -34.85468988913572, -7.158463312177662 ], [ -34.85469327383008, -7.158450780778312 ] ] ] } },
{ "type": "Feature", "properties": { "id": null, "oneway": null, "highway": "footway", "junction": null, "wheelchair": null, "level": null, "name": null, "roundabout": null, "footway": null, "layer": "calcadas_unipe", "path": "C:/Users/ACER/Desktop/mapa_unipe/calcadas_unipe.shp" }, "geometry": { "type": "MultiLineString", "coordinates": [ [ [ -34.85570710783756, -7.158899097091573 ], [ -34.855720443411379, -7.158902394207136 ] ] ] } },
{ "type": "Feature", "properties": { "id": null, "oneway": null, "highway": "footway", "junction": null, "wheelchair": null, "level": null, "name": null, "roundabout": null, "footway": null, "layer": "calcadas_unipe", "path": "C:/Users/ACER/Desktop/mapa_unipe/calcadas_unipe.shp" }, "geometry": { "type": "MultiLineString", "coordinates": [ [ [ -34.854726965682637, -7.160031665658748 ], [ -34.854703693083408, -7.160094267947245 ], [ -34.854681457415943, -7.160182496275214 ], [ -34.854615393313694, -7.160165402142598 ] ] ] } },
{ "type": "Feature", "properties": { "id": null, "oneway": null, "highway": "footway", "junction": null, "wheelchair": null, "level": null, "name": null, "roundabout": null, "footway": null, "layer": "calcadas_unipe", "path": "C:/Users/ACER/Desktop/mapa_unipe/calcadas_unipe.shp" }, "geometry": { "type": "MultiLineString", "coordinates": [ [ [ -34.854703693083408, -7.160094267947245 ], [ -34.85469412667063, -7.160095487090927 ], [ -34.854604688443601, -7.160114466212469 ], [ -34.854553917445926, -7.160099954500832 ], [ -34.854583600938263, -7.159994364309545 ] ] ] } },
{ "type": "Feature", "properties": { "id": null, "oneway": null, "highway": "footway", "junction": null, "wheelchair": null, "level": null, "name": null, "roundabout": null, "footway": null, "layer": "calcadas_unipe", "path": "C:/Users/ACER/Desktop/mapa_unipe/calcadas_unipe.shp" }, "geometry": { "type": "MultiLineString", "coordinates": [ [ [ -34.854531730630768, -7.159980868435301 ], [ -34.854503212186522, -7.160087061726573 ], [ -34.854528564816221, -7.160093508113746 ], [ -34.854553917445926, -7.160099954500832 ] ] ] } },
{ "type": "Feature", "properties": { "id": null, "oneway": null, "highway": "footway", "junction": null, "wheelchair": null, "level": null, "name": null, "roundabout": null, "footway": null, "layer": "calcadas_unipe", "path": "C:/Users/ACER/Desktop/mapa_unipe/calcadas_unipe.shp" }, "geometry": { "type": "MultiLineString", "coordinates": [ [ [ -34.854503212186522, -7.160087061726573 ], [ -34.85445886273957, -7.160075009785088 ], [ -34.854387607019881, -7.160018043336443 ], [ -34.854368186481821, -7.160082577283268 ], [ -34.854336410598414, -7.160084540543688 ], [ -34.854216353184157, -7.160091966586386 ], [ -34.854005828898408, -7.160041593705173 ] ] ] } },
{ "type": "Feature", "properties": { "id": null, "oneway": null, "highway": "footway", "junction": null, "wheelchair": null, "level": null, "name": null, "roundabout": null, "footway": null, "layer": "calcadas_unipe", "path": "C:/Users/ACER/Desktop/mapa_unipe/calcadas_unipe.shp" }, "geometry": { "type": "MultiLineString", "coordinates": [ [ [ -34.854387607019881, -7.160018043336443 ], [ -34.854396669777636, -7.159975870374311 ], [ -34.854387664629563, -7.159943384625448 ] ] ] } },
{ "type": "Feature", "properties": { "id": null, "oneway": null, "highway": "footway", "junction": null, "wheelchair": null, "level": null, "name": null, "roundabout": null, "footway": null, "layer": "calcadas_unipe", "path": "C:/Users/ACER/Desktop/mapa_unipe/calcadas_unipe.shp" }, "geometry": { "type": "MultiLineString", "coordinates": [ [ [ -34.854553917445926, -7.160099954500832 ], [ -34.854550198460295, -7.16011402213879 ] ] ] } },
{ "type": "Feature", "properties": { "id": null, "oneway": null, "highway": "footway", "junction": null, "wheelchair": null, "level": null, "name": null, "roundabout": null, "footway": null, "layer": "calcadas_unipe", "path": "C:/Users/ACER/Desktop/mapa_unipe/calcadas_unipe.shp" }, "geometry": { "type": "MultiLineString", "coordinates": [ [ [ -34.854503212186522, -7.160087061726573 ], [ -34.854499122787942, -7.160101062671489 ] ] ] } },
{ "type": "Feature", "properties": { "id": null, "oneway": null, "highway": "footway", "junction": null, "wheelchair": null, "level": null, "name": null, "roundabout": null, "footway": null, "layer": "calcadas_unipe", "path": "C:/Users/ACER/Desktop/mapa_unipe/calcadas_unipe.shp" }, "geometry": { "type": "MultiLineString", "coordinates": [ [ [ -34.854528564816221, -7.160093508113746 ], [ -34.854524905779009, -7.160107604608514 ] ] ] } },
{ "type": "Feature", "properties": { "id": null, "oneway": null, "highway": "footway", "junction": null, "wheelchair": null, "level": null, "name": null, "roundabout": null, "footway": null, "layer": "calcadas_unipe", "path": "C:/Users/ACER/Desktop/mapa_unipe/calcadas_unipe.shp" }, "geometry": { "type": "MultiLineString", "coordinates": [ [ [ -34.853921986178293, -7.159382882015789 ], [ -34.853677761651348, -7.159313665471342 ], [ -34.853687839553743, -7.159278509705023 ], [ -34.853628729301185, -7.159261857565966 ], [ -34.853626136429668, -7.159261841874051 ] ] ] } },
{ "type": "Feature", "properties": { "id": null, "oneway": null, "highway": "footway", "junction": null, "wheelchair": null, "level": null, "name": null, "roundabout": null, "footway": null, "layer": "calcadas_unipe", "path": "C:/Users/ACER/Desktop/mapa_unipe/calcadas_unipe.shp" }, "geometry": { "type": "MultiLineString", "coordinates": [ [ [ -34.854437653196136, -7.159253294747415 ], [ -34.85405031699252, -7.159156800296382 ] ] ] } },
{ "type": "Feature", "properties": { "id": null, "oneway": null, "highway": "footway", "junction": null, "wheelchair": null, "level": null, "name": null, "roundabout": null, "footway": null, "layer": "calcadas_unipe", "path": "C:/Users/ACER/Desktop/mapa_unipe/calcadas_unipe.shp" }, "geometry": { "type": "MultiLineString", "coordinates": [ [ [ -34.854273360120622, -7.159058414157073 ], [ -34.854315129734992, -7.158911206009663 ] ] ] } },
{ "type": "Feature", "properties": { "id": null, "oneway": null, "highway": "footway", "junction": null, "wheelchair": null, "level": null, "name": null, "roundabout": null, "footway": null, "layer": "calcadas_unipe", "path": "C:/Users/ACER/Desktop/mapa_unipe/calcadas_unipe.shp" }, "geometry": { "type": "MultiLineString", "coordinates": [ [ [ -34.853913196876199, -7.158805781496504 ], [ -34.853871946668754, -7.158953792088266 ] ] ] } },
{ "type": "Feature", "properties": { "id": null, "oneway": null, "highway": "footway", "junction": null, "wheelchair": null, "level": null, "name": null, "roundabout": null, "footway": null, "layer": "calcadas_unipe", "path": "C:/Users/ACER/Desktop/mapa_unipe/calcadas_unipe.shp" }, "geometry": { "type": "MultiLineString", "coordinates": [ [ [ -34.852652399598313, -7.159021689890148 ], [ -34.852675421763436, -7.159083421194727 ], [ -34.852739262368587, -7.159217394212926 ], [ -34.852792231148314, -7.159306437818039 ], [ -34.852827961262463, -7.159366502212022 ], [ -34.852891801867607, -7.159447782867694 ] ] ] } },
{ "type": "Feature", "properties": { "id": null, "oneway": null, "highway": "footway", "junction": null, "wheelchair": null, "level": null, "name": null, "roundabout": null, "footway": null, "layer": "calcadas_unipe", "path": "C:/Users/ACER/Desktop/mapa_unipe/calcadas_unipe.shp" }, "geometry": { "type": "MultiLineString", "coordinates": [ [ [ -34.85287276987706, -7.159274516947493 ], [ -34.852841802809593, -7.159290266549402 ], [ -34.852792231148314, -7.159306437818039 ], [ -34.852762050664253, -7.159315732715549 ] ] ] } },
{ "type": "Feature", "properties": { "id": null, "oneway": null, "highway": "footway", "junction": null, "wheelchair": null, "level": null, "name": null, "roundabout": null, "footway": null, "layer": "calcadas_unipe", "path": "C:/Users/ACER/Desktop/mapa_unipe/calcadas_unipe.shp" }, "geometry": { "type": "MultiLineString", "coordinates": [ [ [ -34.852935870172701, -7.158641531723394 ], [ -34.852684620140671, -7.158619276852857 ], [ -34.85263604394882, -7.158656787029757 ] ] ] } },
{ "type": "Feature", "properties": { "id": null, "oneway": null, "highway": "footway", "junction": null, "wheelchair": null, "level": null, "name": null, "roundabout": null, "footway": null, "layer": "calcadas_unipe", "path": "C:/Users/ACER/Desktop/mapa_unipe/calcadas_unipe.shp" }, "geometry": { "type": "MultiLineString", "coordinates": [ [ [ -34.852684620140671, -7.158619276852857 ], [ -34.852674373391991, -7.158615318793877 ], [ -34.852644742969446, -7.158586114381723 ] ] ] } },
{ "type": "Feature", "properties": { "id": null, "oneway": null, "highway": "footway", "junction": null, "wheelchair": null, "level": null, "name": null, "roundabout": null, "footway": null, "layer": "calcadas_unipe", "path": "C:/Users/ACER/Desktop/mapa_unipe/calcadas_unipe.shp" }, "geometry": { "type": "MultiLineString", "coordinates": [ [ [ -34.854962068055947, -7.158351992258712 ], [ -34.854987912694185, -7.15824770316487 ] ] ] } },
{ "type": "Feature", "properties": { "id": null, "oneway": null, "highway": "footway", "junction": null, "wheelchair": null, "level": null, "name": null, "roundabout": null, "footway": null, "layer": "calcadas_unipe", "path": "C:/Users/ACER/Desktop/mapa_unipe/calcadas_unipe.shp" }, "geometry": { "type": "MultiLineString", "coordinates": [ [ [ -34.853530994052996, -7.159814077109516 ], [ -34.853464996245307, -7.159808658601792 ], [ -34.853424145855136, -7.159790854889806 ], [ -34.853350844220422, -7.159770399560284 ], [ -34.853280596820483, -7.159756762673429 ], [ -34.853231729064014, -7.159781763632354 ], [ -34.853224857035755, -7.159813583032642 ], [ -34.853241533678542, -7.159856699565611 ] ] ] } },
{ "type": "Feature", "properties": { "id": null, "oneway": null, "highway": "footway", "junction": null, "wheelchair": null, "level": null, "name": null, "roundabout": null, "footway": null, "layer": "calcadas_unipe", "path": "C:/Users/ACER/Desktop/mapa_unipe/calcadas_unipe.shp" }, "geometry": { "type": "MultiLineString", "coordinates": [ [ [ -34.853231729064014, -7.159781763632354 ], [ -34.853169880809716, -7.159813583032642 ], [ -34.853164863439666, -7.159892496511416 ] ] ] } },
{ "type": "Feature", "properties": { "id": null, "oneway": null, "highway": "footway", "junction": null, "wheelchair": null, "level": null, "name": null, "roundabout": null, "footway": null, "layer": "calcadas_unipe", "path": "C:/Users/ACER/Desktop/mapa_unipe/calcadas_unipe.shp" }, "geometry": { "type": "MultiLineString", "coordinates": [ [ [ -34.854216306674466, -7.160711494672012 ], [ -34.854203728960279, -7.160668710715948 ], [ -34.854208865416098, -7.160644986122336 ], [ -34.854194502157384, -7.160640946589297 ], [ -34.853760588905089, -7.160518912502378 ], [ -34.853704849120362, -7.160520427709517 ], [ -34.853623911898694, -7.160426484857383 ], [ -34.853565701427641, -7.160417519741477 ] ] ] } },
{ "type": "Feature", "properties": { "id": null, "oneway": null, "highway": "footway", "junction": null, "wheelchair": null, "level": null, "name": null, "roundabout": null, "footway": null, "layer": "calcadas_unipe", "path": "C:/Users/ACER/Desktop/mapa_unipe/calcadas_unipe.shp" }, "geometry": { "type": "MultiLineString", "coordinates": [ [ [ -34.853500252979131, -7.160410689165882 ], [ -34.85346089575728, -7.16041985727623 ] ] ] } },
{ "type": "Feature", "properties": { "id": null, "oneway": null, "highway": "footway", "junction": null, "wheelchair": null, "level": null, "name": null, "roundabout": null, "footway": null, "layer": "calcadas_unipe", "path": "C:/Users/ACER/Desktop/mapa_unipe/calcadas_unipe.shp" }, "geometry": { "type": "MultiLineString", "coordinates": [ [ [ -34.855608948202836, -7.160138736229384 ], [ -34.855598811385242, -7.160175371792924 ] ] ] } },
{ "type": "Feature", "properties": { "id": null, "oneway": null, "highway": "footway", "junction": null, "wheelchair": null, "level": null, "name": null, "roundabout": null, "footway": null, "layer": "calcadas_unipe", "path": "C:/Users/ACER/Desktop/mapa_unipe/calcadas_unipe.shp" }, "geometry": { "type": "MultiLineString", "coordinates": [ [ [ -34.853865888952384, -7.158279887420005 ], [ -34.853869559880437, -7.158265953714384 ], [ -34.853758015346791, -7.158237288405012 ] ] ] } },
{ "type": "Feature", "properties": { "id": null, "oneway": null, "highway": "footway", "junction": null, "wheelchair": null, "level": null, "name": null, "roundabout": null, "footway": null, "layer": "calcadas_unipe", "path": "C:/Users/ACER/Desktop/mapa_unipe/calcadas_unipe.shp" }, "geometry": { "type": "MultiLineString", "coordinates": [ [ [ -34.853615083251306, -7.158419777578491 ], [ -34.853604918376178, -7.158457705280215 ], [ -34.853594753501049, -7.158495632978787 ] ] ] } },
{ "type": "Feature", "properties": { "id": null, "oneway": null, "highway": "footway", "junction": null, "wheelchair": null, "level": null, "name": null, "roundabout": null, "footway": null, "layer": "calcadas_unipe", "path": "C:/Users/ACER/Desktop/mapa_unipe/calcadas_unipe.shp" }, "geometry": { "type": "MultiLineString", "coordinates": [ [ [ -34.853514123603951, -7.160740757966494 ], [ -34.853632757653408, -7.160686839160374 ], [ -34.853770634486345, -7.160721834156834 ], [ -34.853781157267484, -7.160679027253943 ], [ -34.854196994681509, -7.160787696128787 ], [ -34.854457241013272, -7.160855705090038 ], [ -34.854404507497094, -7.161046654109395 ], [ -34.854229270776599, -7.16100062974341 ], [ -34.854225588571815, -7.161014113943709 ] ] ] } },
{ "type": "Feature", "properties": { "id": null, "oneway": null, "highway": "footway", "junction": null, "wheelchair": null, "level": null, "name": null, "roundabout": null, "footway": null, "layer": "calcadas_unipe", "path": "C:/Users/ACER/Desktop/mapa_unipe/calcadas_unipe.shp" }, "geometry": { "type": "MultiLineString", "coordinates": [ [ [ -34.853812348826416, -7.158493756818962 ], [ -34.853816161661378, -7.158478302719914 ], [ -34.853745864414854, -7.158459445261666 ], [ -34.85369889760522, -7.158458852448399 ] ] ] } },
{ "type": "Feature", "properties": { "id": null, "oneway": null, "highway": "footway", "junction": null, "wheelchair": null, "level": null, "name": null, "roundabout": null, "footway": null, "layer": "calcadas_unipe", "path": "C:/Users/ACER/Desktop/mapa_unipe/calcadas_unipe.shp" }, "geometry": { "type": "MultiLineString", "coordinates": [ [ [ -34.854194502157384, -7.160640946589297 ], [ -34.854336410598414, -7.160084540543688 ] ] ] } },
{ "type": "Feature", "properties": { "id": null, "oneway": null, "highway": "footway", "junction": null, "wheelchair": null, "level": null, "name": null, "roundabout": null, "footway": null, "layer": "calcadas_unipe", "path": "C:/Users/ACER/Desktop/mapa_unipe/calcadas_unipe.shp" }, "geometry": { "type": "MultiLineString", "coordinates": [ [ [ -34.852935870172701, -7.158641531723394 ], [ -34.853017870693961, -7.158555794685877 ], [ -34.853088022138884, -7.158482445877549 ], [ -34.853083558137314, -7.158477142199189 ] ] ] } },
{ "type": "Feature", "properties": { "id": null, "oneway": null, "highway": "footway", "junction": null, "wheelchair": null, "level": null, "name": null, "roundabout": null, "footway": null, "layer": "calcadas_unipe", "path": "C:/Users/ACER/Desktop/mapa_unipe/calcadas_unipe.shp" }, "geometry": { "type": "MultiLineString", "coordinates": [ [ [ -34.853012469538911, -7.158550001325401 ], [ -34.853017869632033, -7.15855579474663 ] ] ] } },
{ "type": "Feature", "properties": { "id": null, "oneway": null, "highway": "footway", "junction": null, "wheelchair": null, "level": null, "name": null, "roundabout": null, "footway": null, "layer": "calcadas_unipe", "path": "C:/Users/ACER/Desktop/mapa_unipe/calcadas_unipe.shp" }, "geometry": { "type": "MultiLineString", "coordinates": [ [ [ -34.852935870172701, -7.158641531723394 ], [ -34.852945705316891, -7.158643818211347 ] ] ] } },
{ "type": "Feature", "properties": { "id": null, "oneway": null, "highway": "footway", "junction": null, "wheelchair": null, "level": null, "name": null, "roundabout": null, "footway": null, "layer": "calcadas_unipe", "path": "C:/Users/ACER/Desktop/mapa_unipe/calcadas_unipe.shp" }, "geometry": { "type": "MultiLineString", "coordinates": [ [ [ -34.854619466473054, -7.160003696338276 ], [ -34.854621624265732, -7.159995074294027 ] ] ] } },
{ "type": "Feature", "properties": { "id": null, "oneway": null, "highway": "footway", "junction": null, "wheelchair": null, "level": null, "name": null, "roundabout": null, "footway": null, "layer": "calcadas_unipe", "path": "C:/Users/ACER/Desktop/mapa_unipe/calcadas_unipe.shp" }, "geometry": { "type": "MultiLineString", "coordinates": [ [ [ -34.852621784178901, -7.158724840148091 ], [ -34.852618409104458, -7.158780637363359 ], [ -34.852577500255734, -7.158866828127541 ], [ -34.852555361927053, -7.158932476822518 ], [ -34.852552444337825, -7.158962540931327 ], [ -34.852561858510605, -7.158976546842738 ], [ -34.852574803546823, -7.158980351444133 ], [ -34.852610114036686, -7.158964899072661 ], [ -34.852661838068371, -7.158931570952933 ], [ -34.852717170344832, -7.158878922858892 ], [ -34.852863721409847, -7.158720792154835 ], [ -34.852880129310222, -7.158697968440868 ], [ -34.852878351071915, -7.158676957040298 ], [ -34.852859534895394, -7.158668211606733 ], [ -34.852695981932705, -7.158654299470617 ], [ -34.852667750861059, -7.158665276864181 ], [ -34.852655783566362, -7.158676707513321 ] ] ] } },
{ "type": "Feature", "properties": { "id": null, "oneway": null, "highway": "footway", "junction": null, "wheelchair": null, "level": null, "name": null, "roundabout": null, "footway": null, "layer": "calcadas_unipe", "path": "C:/Users/ACER/Desktop/mapa_unipe/calcadas_unipe.shp" }, "geometry": { "type": "MultiLineString", "coordinates": [ [ [ -34.852717170344832, -7.158878922858892 ], [ -34.852723523836993, -7.158886883772378 ] ] ] } },
{ "type": "Feature", "properties": { "id": null, "oneway": null, "highway": "footway", "junction": null, "wheelchair": null, "level": null, "name": null, "roundabout": null, "footway": null, "layer": "calcadas_unipe", "path": "C:/Users/ACER/Desktop/mapa_unipe/calcadas_unipe.shp" }, "geometry": { "type": "MultiLineString", "coordinates": [ [ [ -34.853604918367132, -7.158457706014504 ], [ -34.853624800726315, -7.158457947041938 ] ] ] } },
{ "type": "Feature", "properties": { "id": null, "oneway": null, "highway": "footway", "junction": null, "wheelchair": null, "level": null, "name": null, "roundabout": null, "footway": null, "layer": "calcadas_unipe", "path": "C:/Users/ACER/Desktop/mapa_unipe/calcadas_unipe.shp" }, "geometry": { "type": "MultiLineString", "coordinates": [ [ [ -34.854196994681509, -7.160787696128787 ], [ -34.854198957367039, -7.160779797897481 ] ] ] } },
{ "type": "Feature", "properties": { "id": null, "oneway": null, "highway": "footway", "junction": null, "wheelchair": null, "level": null, "name": null, "roundabout": null, "footway": null, "layer": "calcadas_unipe", "path": "C:/Users/ACER/Desktop/mapa_unipe/calcadas_unipe.shp" }, "geometry": { "type": "MultiLineString", "coordinates": [ [ [ -34.855659466254373, -7.159090112771729 ], [ -34.855650816803966, -7.159087933922338 ] ] ] } },
{ "type": "Feature", "properties": { "id": null, "oneway": null, "highway": "footway", "junction": null, "wheelchair": null, "level": null, "name": null, "roundabout": null, "footway": null, "layer": "calcadas_unipe", "path": "C:/Users/ACER/Desktop/mapa_unipe/calcadas_unipe.shp" }, "geometry": { "type": "MultiLineString", "coordinates": [ [ [ -34.855742144165973, -7.15875863112946 ], [ -34.855733787865432, -7.158756535622335 ] ] ] } },
{ "type": "Feature", "properties": { "id": null, "oneway": null, "highway": "footway", "junction": null, "wheelchair": null, "level": null, "name": null, "roundabout": null, "footway": null, "layer": "calcadas_unipe", "path": "C:/Users/ACER/Desktop/mapa_unipe/calcadas_unipe.shp" }, "geometry": { "type": "MultiLineString", "coordinates": [ [ [ -34.8558641703871, -7.159432915814296 ], [ -34.855866466937719, -7.159424296330857 ] ] ] } },
{ "type": "Feature", "properties": { "id": null, "oneway": null, "highway": "footway", "junction": null, "wheelchair": null, "level": null, "name": null, "roundabout": null, "footway": null, "layer": "calcadas_unipe", "path": "C:/Users/ACER/Desktop/mapa_unipe/calcadas_unipe.shp" }, "geometry": { "type": "MultiLineString", "coordinates": [ [ [ -34.855836015947418, -7.159295830530531 ], [ -34.855844927644135, -7.159297240870629 ] ] ] } },
{ "type": "Feature", "properties": { "id": null, "oneway": null, "highway": "footway", "junction": null, "wheelchair": null, "level": null, "name": null, "roundabout": null, "footway": null, "layer": "calcadas_unipe", "path": "C:/Users/ACER/Desktop/mapa_unipe/calcadas_unipe.shp" }, "geometry": { "type": "MultiLineString", "coordinates": [ [ [ -34.855669143570665, -7.159307692842982 ], [ -34.855671435812098, -7.159299070331054 ] ] ] } },
{ "type": "Feature", "properties": { "id": null, "oneway": null, "highway": "footway", "junction": null, "wheelchair": null, "level": null, "name": null, "roundabout": null, "footway": null, "layer": "conexoes", "path": "C:/Users/ACER/Desktop/mapa_unipe/conexoes.shp" }, "geometry": { "type": "MultiLineString", "coordinates": [ [ [ -34.85448044386883, -7.159134957957056 ], [ -34.854469549146664, -7.159132125033819 ], [ -34.854458317851361, -7.159129204592421 ] ] ] } },
{ "type": "Feature", "properties": { "id": null, "oneway": null, "highway": "footway", "junction": null, "wheelchair": null, "level": null, "name": null, "roundabout": null, "footway": null, "layer": "conexoes", "path": "C:/Users/ACER/Desktop/mapa_unipe/conexoes.shp" }, "geometry": { "type": "MultiLineString", "coordinates": [ [ [ -34.854365825156727, -7.159570953238431 ], [ -34.854355413786891, -7.159568275353344 ], [ -34.854344415993658, -7.15956544663559 ] ] ] } },
{ "type": "Feature", "properties": { "id": null, "oneway": null, "highway": "footway", "junction": null, "wheelchair": null, "level": null, "name": null, "roundabout": null, "footway": null, "layer": "conexoes", "path": "C:/Users/ACER/Desktop/mapa_unipe/conexoes.shp" }, "geometry": { "type": "MultiLineString", "coordinates": [ [ [ -34.855650816803966, -7.159087933922338 ], [ -34.85536790869984, -7.159013769111801 ], [ -34.855193855213642, -7.158968140699341 ], [ -34.855035321243165, -7.158926580754174 ], [ -34.854923606172896, -7.158897294464317 ], [ -34.854861685772683, -7.158881006539702 ], [ -34.854724710881484, -7.158845054648025 ], [ -34.854670524869697, -7.158794841468559 ] ] ] } },
{ "type": "Feature", "properties": { "id": null, "oneway": null, "highway": "footway", "junction": null, "wheelchair": null, "level": null, "name": null, "roundabout": null, "footway": null, "layer": "conexoes", "path": "C:/Users/ACER/Desktop/mapa_unipe/conexoes.shp" }, "geometry": { "type": "MultiLineString", "coordinates": [ [ [ -34.854744678420154, -7.158518248029646 ], [ -34.854780355702523, -7.15851116801722 ], [ -34.854912229109736, -7.158545722303194 ], [ -34.854948397688112, -7.158555003222713 ], [ -34.855121854817156, -7.158599512611199 ], [ -34.855280440502611, -7.158640205960978 ], [ -34.85545975798032, -7.158686219117279 ], [ -34.855733787865432, -7.158756535622335 ] ] ] } },
{ "type": "Feature", "properties": { "id": null, "oneway": null, "highway": "footway", "junction": null, "wheelchair": null, "level": null, "name": null, "roundabout": null, "footway": null, "layer": "conexoes", "path": "C:/Users/ACER/Desktop/mapa_unipe/conexoes.shp" }, "geometry": { "type": "MultiLineString", "coordinates": [ ] } },
{ "type": "Feature", "properties": { "id": null, "oneway": null, "highway": "footway", "junction": null, "wheelchair": null, "level": null, "name": null, "roundabout": null, "footway": null, "layer": "conexoes", "path": "C:/Users/ACER/Desktop/mapa_unipe/conexoes.shp" }, "geometry": { "type": "MultiLineString", "coordinates": [ ] } },
{ "type": "Feature", "properties": { "id": null, "oneway": null, "highway": "footway", "junction": null, "wheelchair": null, "level": null, "name": null, "roundabout": null, "footway": null, "layer": "conexoes", "path": "C:/Users/ACER/Desktop/mapa_unipe/conexoes.shp" }, "geometry": { "type": "MultiLineString", "coordinates": [ ] } },
{ "type": "Feature", "properties": { "id": null, "oneway": null, "highway": "footway", "junction": null, "wheelchair": null, "level": null, "name": null, "roundabout": null, "footway": null, "layer": "conexoes", "path": "C:/Users/ACER/Desktop/mapa_unipe/conexoes.shp" }, "geometry": { "type": "MultiLineString", "coordinates": [ ] } },
{ "type": "Feature", "properties": { "id": null, "oneway": null, "highway": "footway", "junction": null, "wheelchair": null, "level": null, "name": null, "roundabout": null, "footway": null, "layer": "conexoes", "path": "C:/Users/ACER/Desktop/mapa_unipe/conexoes.shp" }, "geometry": { "type": "MultiLineString", "coordinates": [ ] } },
{ "type": "Feature", "properties": { "id": null, "oneway": null, "highway": "footway", "junction": null, "wheelchair": null, "level": null, "name": null, "roundabout": null, "footway": null, "layer": "conexoes", "path": "C:/Users/ACER/Desktop/mapa_unipe/conexoes.shp" }, "geometry": { "type": "MultiLineString", "coordinates": [ [ [ -34.854538780010749, -7.158889313579401 ], [ -34.854515190023925, -7.158955551509629 ] ] ] } },
{ "type": "Feature", "properties": { "id": null, "oneway": null, "highway": "footway", "junction": null, "wheelchair": null, "level": null, "name": null, "roundabout": null, "footway": null, "layer": "conexoes", "path": "C:/Users/ACER/Desktop/mapa_unipe/conexoes.shp" }, "geometry": { "type": "MultiLineString", "coordinates": [ [ [ -34.854873508127682, -7.159986835254728 ], [ -34.854802979841516, -7.160046097097012 ], [ -34.854798114304295, -7.160050185466932 ] ] ] } },
{ "type": "Feature", "properties": { "id": null, "oneway": null, "highway": "footway", "junction": null, "wheelchair": null, "level": null, "name": null, "roundabout": null, "footway": null, "layer": "conexoes", "path": "C:/Users/ACER/Desktop/mapa_unipe/conexoes.shp" }, "geometry": { "type": "MultiLineString", "coordinates": [ [ [ -34.85428155025533, -7.159832965153153 ], [ -34.854256431178932, -7.159900175925759 ] ] ] } },
{ "type": "Feature", "properties": { "id": null, "oneway": null, "highway": "footway", "junction": null, "wheelchair": null, "level": null, "name": null, "roundabout": null, "footway": null, "layer": "conexoes", "path": "C:/Users/ACER/Desktop/mapa_unipe/conexoes.shp" }, "geometry": { "type": "MultiLineString", "coordinates": [ [ [ -34.855695427208786, -7.159208824110219 ], [ -34.855671435812098, -7.159299070331054 ] ] ] } },
{ "type": "Feature", "properties": { "id": null, "oneway": null, "highway": "footway", "junction": null, "wheelchair": null, "level": null, "name": null, "roundabout": null, "footway": null, "layer": "conexoes", "path": "C:/Users/ACER/Desktop/mapa_unipe/conexoes.shp" }, "geometry": { "type": "MultiLineString", "coordinates": [ ] } },
{ "type": "Feature", "properties": { "id": null, "oneway": null, "highway": "footway", "junction": null, "wheelchair": null, "level": null, "name": null, "roundabout": null, "footway": null, "layer": "conexoes", "path": "C:/Users/ACER/Desktop/mapa_unipe/conexoes.shp" }, "geometry": { "type": "MultiLineString", "coordinates": [ [ [ -34.855895729266294, -7.159187987642205 ], [ -34.855923634070791, -7.159195254360796 ], [ -34.855897692379529, -7.159306263157579 ], [ -34.855844927644135, -7.159297240870629 ] ] ] } },
{ "type": "Feature", "properties": { "id": null, "oneway": null, "highway": "footway", "junction": null, "wheelchair": null, "level": null, "name": null, "roundabout": null, "footway": null, "layer": "conexoes", "path": "C:/Users/ACER/Desktop/mapa_unipe/conexoes.shp" }, "geometry": { "type": "MultiLineString", "coordinates": [ [ [ -34.855897692379529, -7.159306263157579 ], [ -34.855866466937719, -7.159424296330857 ] ] ] } },
{ "type": "Feature", "properties": { "id": null, "oneway": null, "highway": "footway", "junction": null, "wheelchair": null, "level": null, "name": null, "roundabout": null, "footway": null, "layer": "conexoes", "path": "C:/Users/ACER/Desktop/mapa_unipe/conexoes.shp" }, "geometry": { "type": "MultiLineString", "coordinates": [ [ [ -34.855897692379529, -7.159306263157579 ], [ -34.855906502267032, -7.159307679787253 ], [ -34.85605984260922, -7.159361319700267 ] ] ] } },
{ "type": "Feature", "properties": { "id": null, "oneway": null, "highway": "footway", "junction": null, "wheelchair": null, "level": null, "name": null, "roundabout": null, "footway": null, "layer": "conexoes", "path": "C:/Users/ACER/Desktop/mapa_unipe/conexoes.shp" }, "geometry": { "type": "MultiLineString", "coordinates": [ [ [ -34.853607042125738, -7.159788307359214 ], [ -34.853530994052996, -7.159814077109516 ] ] ] } },
{ "type": "Feature", "properties": { "id": null, "oneway": null, "highway": "footway", "junction": null, "wheelchair": null, "level": null, "name": null, "roundabout": null, "footway": null, "layer": "conexoes", "path": "C:/Users/ACER/Desktop/mapa_unipe/conexoes.shp" }, "geometry": { "type": "MultiLineString", "coordinates": [ [ [ -34.855598811385242, -7.160175371792924 ], [ -34.855517715745563, -7.160229944335581 ], [ -34.855495400861741, -7.160316301334269 ], [ -34.855413186964306, -7.160634422645359 ] ] ] } },
{ "type": "Feature", "properties": { "id": null, "oneway": null, "highway": "footway", "junction": null, "wheelchair": null, "level": null, "name": null, "roundabout": null, "footway": null, "layer": "conexoes", "path": "C:/Users/ACER/Desktop/mapa_unipe/conexoes.shp" }, "geometry": { "type": "MultiLineString", "coordinates": [ [ [ -34.855495400861741, -7.160316301334269 ], [ -34.855324485616087, -7.16027132562631 ], [ -34.855128310393781, -7.160219702844458 ], [ -34.854992083545312, -7.160183855251309 ], [ -34.854856990960961, -7.160148312829965 ] ] ] } },
{ "type": "Feature", "properties": { "id": null, "oneway": null, "highway": "footway", "junction": null, "wheelchair": null, "level": null, "name": null, "roundabout": null, "footway": null, "layer": "conexoes", "path": "C:/Users/ACER/Desktop/mapa_unipe/conexoes.shp" }, "geometry": { "type": "MultiLineString", "coordinates": [ [ [ -34.854992083545312, -7.160183855251309 ], [ -34.854809632699748, -7.160860091681909 ] ] ] } },
{ "type": "Feature", "properties": { "id": null, "oneway": null, "highway": "footway", "junction": null, "wheelchair": null, "level": null, "name": null, "roundabout": null, "footway": null, "layer": "conexoes", "path": "C:/Users/ACER/Desktop/mapa_unipe/conexoes.shp" }, "geometry": { "type": "MultiLineString", "coordinates": [ [ [ -34.855324485616087, -7.16027132562631 ], [ -34.855194206774605, -7.160774991503676 ] ] ] } },
{ "type": "Feature", "properties": { "id": null, "oneway": null, "highway": "footway", "junction": null, "wheelchair": null, "level": null, "name": null, "roundabout": null, "footway": null, "layer": "conexoes", "path": "C:/Users/ACER/Desktop/mapa_unipe/conexoes.shp" }, "geometry": { "type": "MultiLineString", "coordinates": [ [ [ -34.853701030833925, -7.158170382735999 ], [ -34.853519332798697, -7.158141932239015 ], [ -34.853365722706087, -7.158117879784498 ], [ -34.853190878673814, -7.158090502492425 ], [ -34.853124676172605, -7.158112424575039 ] ] ] } },
{ "type": "Feature", "properties": { "id": null, "oneway": null, "highway": "footway", "junction": null, "wheelchair": null, "level": null, "name": null, "roundabout": null, "footway": null, "layer": "conexoes", "path": "C:/Users/ACER/Desktop/mapa_unipe/conexoes.shp" }, "geometry": { "type": "MultiLineString", "coordinates": [ [ [ -34.853441837535691, -7.157890549730749 ], [ -34.853367296420089, -7.158109105188181 ], [ -34.853365722706087, -7.158117879784498 ], [ -34.853331755253059, -7.158307272916625 ], [ -34.853311440994304, -7.158367191407274 ] ] ] } },
{ "type": "Feature", "properties": { "id": null, "oneway": null, "highway": "footway", "junction": null, "wheelchair": null, "level": null, "name": null, "roundabout": null, "footway": null, "layer": "conexoes", "path": "C:/Users/ACER/Desktop/mapa_unipe/conexoes.shp" }, "geometry": { "type": "MultiLineString", "coordinates": [ [ [ -34.853598397763804, -7.157897696100306 ], [ -34.85352126626362, -7.158133232324754 ], [ -34.853519332798697, -7.158141932239015 ], [ -34.853486375888785, -7.158290226753317 ], [ -34.853448579733382, -7.158459551947264 ], [ -34.853419214673629, -7.158499831560248 ] ] ] } },
{ "type": "Feature", "properties": { "id": null, "oneway": null, "highway": "footway", "junction": null, "wheelchair": null, "level": null, "name": null, "roundabout": null, "footway": null, "layer": "conexoes", "path": "C:/Users/ACER/Desktop/mapa_unipe/conexoes.shp" }, "geometry": { "type": "MultiLineString", "coordinates": [ [ [ -34.853758015346791, -7.158237288405012 ], [ -34.853701030833925, -7.158170382735999 ] ] ] } },
{ "type": "Feature", "properties": { "id": null, "oneway": null, "highway": "footway", "junction": null, "wheelchair": null, "level": null, "name": null, "roundabout": null, "footway": null, "layer": "conexoes", "path": "C:/Users/ACER/Desktop/mapa_unipe/conexoes.shp" }, "geometry": { "type": "MultiLineString", "coordinates": [ [ [ -34.854987900873923, -7.158247700022325 ], [ -34.854718165352779, -7.158090643115667 ] ] ] } },
{ "type": "Feature", "properties": { "id": null, "oneway": null, "highway": "footway", "junction": null, "wheelchair": null, "level": null, "name": null, "roundabout": null, "footway": null, "layer": "conexoes", "path": "C:/Users/ACER/Desktop/mapa_unipe/conexoes.shp" }, "geometry": { "type": "MultiLineString", "coordinates": [ [ [ -34.853698893736102, -7.158458856864616 ], [ -34.853624802267952, -7.158457948864869 ] ] ] } },
{ "type": "Feature", "properties": { "id": null, "oneway": null, "highway": "footway", "junction": null, "wheelchair": null, "level": null, "name": null, "roundabout": null, "footway": null, "layer": "conexoes", "path": "C:/Users/ACER/Desktop/mapa_unipe/conexoes.shp" }, "geometry": { "type": "MultiLineString", "coordinates": [ [ [ -34.854856991819368, -7.160148309629009 ], [ -34.854802979841516, -7.160046097097012 ] ] ] } },
{ "type": "Feature", "properties": { "id": null, "oneway": null, "highway": "footway", "junction": null, "wheelchair": null, "level": null, "name": null, "roundabout": null, "footway": null, "layer": "conexoes", "path": "C:/Users/ACER/Desktop/mapa_unipe/conexoes.shp" }, "geometry": { "type": "MultiLineString", "coordinates": [ [ [ -34.855170445081484, -7.16006402152566 ], [ -34.855128310393781, -7.160219702844458 ] ] ] } },
{ "type": "Feature", "properties": { "id": null, "oneway": null, "highway": "footway", "junction": null, "wheelchair": null, "level": null, "name": null, "roundabout": null, "footway": null, "layer": "conexoes", "path": "C:/Users/ACER/Desktop/mapa_unipe/conexoes.shp" }, "geometry": { "type": "MultiLineString", "coordinates": [ [ [ -34.853554167767214, -7.159260393482413 ], [ -34.85343705476938, -7.159258021666717 ], [ -34.853122086807701, -7.159263135504929 ], [ -34.852943831575807, -7.159243937412194 ], [ -34.852927287329535, -7.1592422808131 ] ] ] } },
{ "type": "Feature", "properties": { "id": null, "oneway": null, "highway": "footway", "junction": null, "wheelchair": null, "level": null, "name": null, "roundabout": null, "footway": null, "layer": "conexoes", "path": "C:/Users/ACER/Desktop/mapa_unipe/conexoes.shp" }, "geometry": { "type": "MultiLineString", "coordinates": [ [ [ -34.852945705316891, -7.158643818211347 ], [ -34.853055760206033, -7.15873613271993 ], [ -34.85304931982607, -7.158742456325404 ], [ -34.852787569048537, -7.158955784762181 ], [ -34.852780565587643, -7.158960489496452 ] ] ] } },
{ "type": "Feature", "properties": { "id": null, "oneway": null, "highway": "footway", "junction": null, "wheelchair": null, "level": null, "name": null, "roundabout": null, "footway": null, "layer": "conexoes", "path": "C:/Users/ACER/Desktop/mapa_unipe/conexoes.shp" }, "geometry": { "type": "MultiLineString", "coordinates": [ [ [ -34.852790694570139, -7.158977264922985 ], [ -34.852780565587643, -7.158960489496452 ], [ -34.852769593435134, -7.158944358724069 ] ] ] } },
{ "type": "Feature", "properties": { "id": null, "oneway": null, "highway": "footway", "junction": null, "wheelchair": null, "level": null, "name": null, "roundabout": null, "footway": null, "layer": "conexoes", "path": "C:/Users/ACER/Desktop/mapa_unipe/conexoes.shp" }, "geometry": { "type": "MultiLineString", "coordinates": [ [ [ -34.852943831575807, -7.159243937412194 ], [ -34.85292467006267, -7.159179112273379 ] ] ] } },
{ "type": "Feature", "properties": { "id": null, "oneway": null, "highway": "footway", "junction": null, "wheelchair": null, "level": null, "name": null, "roundabout": null, "footway": null, "layer": "conexoes", "path": "C:/Users/ACER/Desktop/mapa_unipe/conexoes.shp" }, "geometry": { "type": "MultiLineString", "coordinates": [ [ [ -34.85289453537824, -7.159111239315946 ], [ -34.852826145337616, -7.159038989395444 ] ] ] } },
{ "type": "Feature", "properties": { "id": null, "oneway": null, "highway": "footway", "junction": null, "wheelchair": null, "level": null, "name": null, "roundabout": null, "footway": null, "layer": "conexoes", "path": "C:/Users/ACER/Desktop/mapa_unipe/conexoes.shp" }, "geometry": { "type": "MultiLineString", "coordinates": [ [ [ -34.853012469538911, -7.158550001325401 ], [ -34.852890012989896, -7.158418118512307 ], [ -34.852883342425308, -7.158409804295282 ], [ -34.852876678442172, -7.158401485355297 ], [ -34.852721886476566, -7.15819075506822 ] ] ] } },
{ "type": "Feature", "properties": { "id": null, "oneway": null, "highway": null, "junction": null, "wheelchair": null, "level": null, "name": null, "roundabout": null, "footway": null, "layer": "conexoes", "path": "C:/Users/ACER/Desktop/mapa_unipe/conexoes.shp" }, "geometry": { "type": "MultiLineString", "coordinates": [ [ [ -34.852883342425308, -7.158409804295282 ], [ -34.852874096225037, -7.158412434934717 ], [ -34.852798674273131, -7.158404510801862 ], [ -34.852679212423084, -7.158346520370319 ], [ -34.852597429428201, -7.158281448411923 ] ] ] } },
{ "type": "Feature", "properties": { "id": null, "oneway": null, "highway": "footway", "junction": null, "wheelchair": null, "level": null, "name": null, "roundabout": null, "footway": null, "layer": "conexoes", "path": "C:/Users/ACER/Desktop/mapa_unipe/conexoes.shp" }, "geometry": { "type": "MultiLineString", "coordinates": [ [ [ -34.853083558137314, -7.158477142199189 ], [ -34.852966742040536, -7.158338791507231 ], [ -34.852895276319828, -7.158254004763871 ], [ -34.852717691130451, -7.157997058916076 ] ] ] } },
{ "type": "Feature", "properties": { "id": null, "oneway": null, "highway": "footway", "junction": null, "wheelchair": null, "level": null, "name": null, "roundabout": null, "footway": null, "layer": "conexoes", "path": "C:/Users/ACER/Desktop/mapa_unipe/conexoes.shp" }, "geometry": { "type": "MultiLineString", "coordinates": [ ] } },
{ "type": "Feature", "properties": { "id": null, "oneway": null, "highway": "footway", "junction": null, "wheelchair": null, "level": null, "name": null, "roundabout": null, "footway": null, "layer": "conexoes", "path": "C:/Users/ACER/Desktop/mapa_unipe/conexoes.shp" }, "geometry": { "type": "MultiLineString", "coordinates": [ [ [ -34.852798674273131, -7.158404510801862 ], [ -34.852740672438337, -7.158432988294111 ] ] ] } },
{ "type": "Feature", "properties": { "id": null, "oneway": null, "highway": "footway", "junction": null, "wheelchair": null, "level": null, "name": null, "roundabout": null, "footway": null, "layer": "conexoes", "path": "C:/Users/ACER/Desktop/mapa_unipe/conexoes.shp" }, "geometry": { "type": "MultiLineString", "coordinates": [ [ [ -34.854933985096892, -7.158470493150425 ], [ -34.854912229109736, -7.158545722303194 ] ] ] } },
{ "type": "Feature", "properties": { "id": null, "oneway": null, "highway": "footway", "junction": null, "wheelchair": null, "level": null, "name": null, "roundabout": null, "footway": null, "layer": "conexoes", "path": "C:/Users/ACER/Desktop/mapa_unipe/conexoes.shp" }, "geometry": { "type": "MultiLineString", "coordinates": [ [ [ -34.85536790869984, -7.159013769111801 ], [ -34.85545975798032, -7.158686219117279 ] ] ] } },
{ "type": "Feature", "properties": { "id": null, "oneway": null, "highway": "footway", "junction": null, "wheelchair": null, "level": null, "name": null, "roundabout": null, "footway": null, "layer": "conexoes", "path": "C:/Users/ACER/Desktop/mapa_unipe/conexoes.shp" }, "geometry": { "type": "MultiLineString", "coordinates": [ [ [ -34.855193855213642, -7.158968140699341 ], [ -34.855280440502611, -7.158640205960978 ] ] ] } },
{ "type": "Feature", "properties": { "id": null, "oneway": null, "highway": "footway", "junction": null, "wheelchair": null, "level": null, "name": null, "roundabout": null, "footway": null, "layer": "conexoes", "path": "C:/Users/ACER/Desktop/mapa_unipe/conexoes.shp" }, "geometry": { "type": "MultiLineString", "coordinates": [ [ [ -34.855035321243165, -7.158926580754174 ], [ -34.855121854817156, -7.158599512611199 ] ] ] } },
{ "type": "Feature", "properties": { "id": null, "oneway": null, "highway": "footway", "junction": null, "wheelchair": null, "level": null, "name": null, "roundabout": null, "footway": null, "layer": "conexoes", "path": "C:/Users/ACER/Desktop/mapa_unipe/conexoes.shp" }, "geometry": { "type": "MultiLineString", "coordinates": [ [ [ -34.854861685772683, -7.158881006539702 ], [ -34.854948397688112, -7.158555003222713 ] ] ] } },
{ "type": "Feature", "properties": { "id": null, "oneway": null, "highway": "footway", "junction": null, "wheelchair": null, "level": null, "name": null, "roundabout": null, "footway": null, "layer": "conexoes", "path": "C:/Users/ACER/Desktop/mapa_unipe/conexoes.shp" }, "geometry": { "type": "MultiLineString", "coordinates": [ [ [ -34.854902404354974, -7.158982304579978 ], [ -34.854923606172896, -7.158897294464317 ] ] ] } },
{ "type": "Feature", "properties": { "id": null, "oneway": null, "highway": "footway", "junction": null, "wheelchair": null, "level": null, "name": null, "roundabout": null, "footway": null, "layer": "conexoes", "path": "C:/Users/ACER/Desktop/mapa_unipe/conexoes.shp" }, "geometry": { "type": "MultiLineString", "coordinates": [ [ [ -34.852966742040536, -7.158338791507231 ], [ -34.852959570006142, -7.158344096229354 ], [ -34.852892799292853, -7.158407184443867 ], [ -34.852883342425308, -7.158409804295282 ] ] ] } },
{ "type": "Feature", "properties": { "id": 1, "oneway": null, "highway": "footway", "junction": null, "wheelchair": null, "level": 0.0, "name": "level_0", "roundabout": null, "footway": null, "layer": "corredores", "path": "C:/Users/ACER/Desktop/mapa_unipe/corredores.shp" }, "geometry": { "type": "MultiLineString", "coordinates": [ [ [ -34.855041629876844, -7.159721829388639 ], [ -34.855036010306627, -7.159743330024852 ], [ -34.855001763497945, -7.159734524859187 ], [ -34.855000093776134, -7.159734094400365 ], [ -34.85493057036345, -7.159716205002409 ], [ -34.854860964908461, -7.159698313133913 ], [ -34.854795656058087, -7.159681509066941 ], [ -34.854782721401165, -7.159678187992095 ], [ -34.854706952885444, -7.159658722750383 ], [ -34.85464030296302, -7.159641555846908 ], [ -34.854570733765875, -7.159623674420543 ], [ -34.854501171832929, -7.159605783959136 ], [ -34.854498694690797, -7.159605139538348 ], [ -34.854416099152601, -7.159583905033924 ], [ -34.854365825156727, -7.159570953238431 ] ] ] } },
{ "type": "Feature", "properties": { "id": 1, "oneway": null, "highway": "footway", "junction": null, "wheelchair": null, "level": 0.0, "name": "level_0", "roundabout": null, "footway": null, "layer": "corredores", "path": "C:/Users/ACER/Desktop/mapa_unipe/corredores.shp" }, "geometry": { "type": "MultiLineString", "coordinates": [ [ [ -34.854344415993658, -7.15956544663559 ], [ -34.854295005636949, -7.15955275631091 ], [ -34.85426116737613, -7.159544034444665 ], [ -34.854227972171202, -7.1595355033733 ], [ -34.854158403153761, -7.159517624009272 ], [ -34.854088847286846, -7.159499695833607 ], [ -34.854010551740103, -7.159479574936041 ], [ -34.853984658827876, -7.159472914291513 ], [ -34.853935909932893, -7.159460375694725 ], [ -34.853872344890377, -7.159444044811886 ], [ -34.853811717499269, -7.159428412253748 ], [ -34.853751045675082, -7.159412833599704 ], [ -34.853720616049245, -7.159405000421091 ] ] ] } },
{ "type": "Feature", "properties": { "id": 1, "oneway": null, "highway": "footway", "junction": null, "wheelchair": null, "level": 0.0, "name": "level_0", "roundabout": null, "footway": null, "layer": "corredores", "path": "C:/Users/ACER/Desktop/mapa_unipe/corredores.shp" }, "geometry": { "type": "MultiLineString", "coordinates": [ [ [ -34.854679023012821, -7.159765386902586 ], [ -34.854690112136133, -7.159723016181736 ], [ -34.854706952885444, -7.159658722750383 ], [ -34.854732463928244, -7.159561302789342 ], [ -34.854738104414501, -7.159539748322802 ], [ -34.854779287236859, -7.15938249158886 ], [ -34.854820923093541, -7.159223491780668 ], [ -34.854836225265089, -7.159205116016087 ] ] ] } },
{ "type": "Feature", "properties": { "id": 1, "oneway": null, "highway": "footway", "junction": null, "wheelchair": null, "level": 0.0, "name": "level_0", "roundabout": null, "footway": null, "layer": "corredores", "path": "C:/Users/ACER/Desktop/mapa_unipe/corredores.shp" }, "geometry": { "type": "MultiLineString", "coordinates": [ [ [ -34.85517738210185, -7.159316180762572 ], [ -34.85489676417405, -7.159243213541657 ], [ -34.854820923093541, -7.159223491780668 ], [ -34.85448044386883, -7.159134957957056 ] ] ] } },
{ "type": "Feature", "properties": { "id": 1, "oneway": null, "highway": "footway", "junction": null, "wheelchair": null, "level": 0.0, "name": "level_0", "roundabout": null, "footway": null, "layer": "corredores", "path": "C:/Users/ACER/Desktop/mapa_unipe/corredores.shp" }, "geometry": { "type": "MultiLineString", "coordinates": [ [ [ -34.854458317851361, -7.159129204592421 ], [ -34.854267624451765, -7.159079715757681 ], [ -34.854126790569559, -7.159043191354656 ], [ -34.854050111612395, -7.15902326672361 ], [ -34.853866046420734, -7.158975286437649 ], [ -34.85374464716628, -7.158943652242007 ], [ -34.853709354381614, -7.15893445373441 ] ] ] } },
{ "type": "Feature", "properties": { "id": 1, "oneway": null, "highway": "footway", "junction": null, "wheelchair": null, "level": 0.0, "name": "level_0", "roundabout": null, "footway": null, "layer": "corredores", "path": "C:/Users/ACER/Desktop/mapa_unipe/corredores.shp" }, "geometry": { "type": "MultiLineString", "coordinates": [ [ [ -34.853908030131919, -7.159567086068059 ], [ -34.853919207459853, -7.159524320161125 ], [ -34.853935909932893, -7.159460375694725 ], [ -34.853954064162359, -7.159390890084701 ], [ -34.853963102926159, -7.159356294064585 ], [ -34.854017241640939, -7.159149077170269 ], [ -34.854050111612395, -7.15902326672361 ], [ -34.854057085931828, -7.159002045712619 ] ] ] } },
{ "type": "Feature", "properties": { "id": 1, "oneway": null, "highway": "footway", "junction": null, "wheelchair": null, "level": 0.0, "name": "level_0", "roundabout": null, "footway": null, "layer": "corredores", "path": "C:/Users/ACER/Desktop/mapa_unipe/corredores.shp" }, "geometry": { "type": "MultiLineString", "coordinates": [ [ [ -34.854700919477722, -7.159552889549537 ], [ -34.854732463928244, -7.159561302789342 ] ] ] } },
{ "type": "Feature", "properties": { "id": 1, "oneway": null, "highway": "footway", "junction": null, "wheelchair": null, "level": 0.0, "name": "level_0", "roundabout": null, "footway": null, "layer": "corredores", "path": "C:/Users/ACER/Desktop/mapa_unipe/corredores.shp" }, "geometry": { "type": "MultiLineString", "coordinates": [ [ [ -34.854770636014834, -7.159548205807878 ], [ -34.854738104414501, -7.159539748322802 ] ] ] } },
{ "type": "Feature", "properties": { "id": 1, "oneway": null, "highway": "footway", "junction": null, "wheelchair": null, "level": 0.0, "name": "level_0", "roundabout": null, "footway": null, "layer": "corredores", "path": "C:/Users/ACER/Desktop/mapa_unipe/corredores.shp" }, "geometry": { "type": "MultiLineString", "coordinates": [ [ [ -34.854779287236859, -7.15938249158886 ], [ -34.854812401715975, -7.159390448310974 ] ] ] } },
{ "type": "Feature", "properties": { "id": 1, "oneway": null, "highway": "footway", "junction": null, "wheelchair": null, "level": 0.0, "name": "level_0", "roundabout": null, "footway": null, "layer": "corredores", "path": "C:/Users/ACER/Desktop/mapa_unipe/corredores.shp" }, "geometry": { "type": "MultiLineString", "coordinates": [ [ [ -34.854823707459936, -7.159665778067768 ], [ -34.854795656058087, -7.159681509066941 ] ] ] } },
{ "type": "Feature", "properties": { "id": 1, "oneway": null, "highway": "footway", "junction": null, "wheelchair": null, "level": 0.0, "name": "level_0", "roundabout": null, "footway": null, "layer": "corredores", "path": "C:/Users/ACER/Desktop/mapa_unipe/corredores.shp" }, "geometry": { "type": "MultiLineString", "coordinates": [ [ [ -34.854016242741473, -7.159458094544116 ], [ -34.853984658827876, -7.159472914291513 ] ] ] } },
{ "type": "Feature", "properties": { "id": 1, "oneway": null, "highway": "footway", "junction": null, "wheelchair": null, "level": 0.0, "name": "level_0", "roundabout": null, "footway": null, "layer": "corredores", "path": "C:/Users/ACER/Desktop/mapa_unipe/corredores.shp" }, "geometry": { "type": "MultiLineString", "coordinates": [ [ [ -34.855895729266294, -7.159187987642205 ], [ -34.855878585095759, -7.159183144470664 ], [ -34.855890264760504, -7.159136878617145 ], [ -34.855903331290584, -7.159084999645185 ], [ -34.855935903344822, -7.158955892666186 ], [ -34.85576732473838, -7.158914030682227 ], [ -34.855720443411379, -7.158902394207136 ] ] ] } },
{ "type": "Feature", "properties": { "id": 1, "oneway": null, "highway": "footway", "junction": null, "wheelchair": null, "level": 0.0, "name": "level_0", "roundabout": null, "footway": null, "layer": "corredores", "path": "C:/Users/ACER/Desktop/mapa_unipe/corredores.shp" }, "geometry": { "type": "MultiLineString", "coordinates": [ [ [ -34.855617589746082, -7.158540883895402 ], [ -34.854956935251806, -7.158373797791535 ], [ -34.854900595687575, -7.158359548951584 ] ] ] } },
{ "type": "Feature", "properties": { "id": 1, "oneway": null, "highway": "footway", "junction": null, "wheelchair": null, "level": 0.0, "name": "level_0", "roundabout": null, "footway": null, "layer": "corredores", "path": "C:/Users/ACER/Desktop/mapa_unipe/corredores.shp" }, "geometry": { "type": "MultiLineString", "coordinates": [ [ [ -34.854504594728255, -7.159583699807615 ], [ -34.854498694690797, -7.159605139538348 ] ] ] } },
{ "type": "Feature", "properties": { "id": 1, "oneway": null, "highway": "footway", "junction": null, "wheelchair": null, "level": 0.0, "name": "level_0", "roundabout": null, "footway": null, "layer": "corredores", "path": "C:/Users/ACER/Desktop/mapa_unipe/corredores.shp" }, "geometry": { "type": "MultiLineString", "coordinates": [ [ [ -34.85399527655391, -7.159364699166678 ], [ -34.853963102926159, -7.159356294064585 ] ] ] } },
{ "type": "Feature", "properties": { "id": 1, "oneway": null, "highway": "footway", "junction": null, "wheelchair": null, "level": 0.0, "name": "level_0", "roundabout": null, "footway": null, "layer": "corredores", "path": "C:/Users/ACER/Desktop/mapa_unipe/corredores.shp" }, "geometry": { "type": "MultiLineString", "coordinates": [ [ [ -34.854529090649962, -7.158680567029556 ], [ -34.854524070258861, -7.158702319451119 ], [ -34.854164304031428, -7.158608672465581 ], [ -34.853807248368909, -7.158515730829668 ], [ -34.853770157592734, -7.158506076094667 ] ] ] } },
{ "type": "Feature", "properties": { "id": 1, "oneway": null, "highway": "footway", "junction": null, "wheelchair": null, "level": 0.0, "name": "level_0", "roundabout": null, "footway": null, "layer": "corredores", "path": "C:/Users/ACER/Desktop/mapa_unipe/corredores.shp" }, "geometry": { "type": "MultiLineString", "coordinates": [ [ [ -34.854585579434385, -7.158467469210968 ], [ -34.854580064809618, -7.158489099889491 ], [ -34.854221477141245, -7.158392439995511 ], [ -34.853860413788617, -7.158301001972526 ], [ -34.853826748828439, -7.158292476438939 ] ] ] } },
{ "type": "Feature", "properties": { "id": 1, "oneway": null, "highway": "footway", "junction": null, "wheelchair": null, "level": 0.0, "name": "level_0", "roundabout": null, "footway": null, "layer": "corredores", "path": "C:/Users/ACER/Desktop/mapa_unipe/corredores.shp" }, "geometry": { "type": "MultiLineString", "coordinates": [ [ [ -34.854670661482949, -7.158278107700386 ], [ -34.854278684970808, -7.158176076087781 ], [ -34.853883391302872, -7.158073180995339 ] ] ] } },
{ "type": "Feature", "properties": { "id": 1, "oneway": null, "highway": "footway", "junction": null, "wheelchair": null, "level": 0.0, "name": "level_0", "roundabout": null, "footway": null, "layer": "corredores", "path": "C:/Users/ACER/Desktop/mapa_unipe/corredores.shp" }, "geometry": { "type": "MultiLineString", "coordinates": [ [ [ -34.85414000929444, -7.158700556719157 ], [ -34.854164304031428, -7.158608672465581 ], [ -34.854221477141245, -7.158392439995511 ], [ -34.854278684970808, -7.158176076087781 ], [ -34.854294947839342, -7.158157068132999 ] ] ] } },
{ "type": "Feature", "properties": { "id": 1, "oneway": null, "highway": "footway", "junction": null, "wheelchair": null, "level": 0.0, "name": "level_0", "roundabout": null, "footway": null, "layer": "corredores", "path": "C:/Users/ACER/Desktop/mapa_unipe/corredores.shp" }, "geometry": { "type": "MultiLineString", "coordinates": [ [ [ -34.854933985096892, -7.158470493150425 ], [ -34.854956935251806, -7.158373797791535 ], [ -34.854962068055947, -7.158351992258712 ] ] ] } },
{ "type": "Feature", "properties": { "id": 1, "oneway": null, "highway": "footway", "junction": null, "wheelchair": null, "level": 0.0, "name": "level_0", "roundabout": null, "footway": null, "layer": "corredores", "path": "C:/Users/ACER/Desktop/mapa_unipe/corredores.shp" }, "geometry": { "type": "MultiLineString", "coordinates": [ [ [ -34.853954064162359, -7.159390890084701 ], [ -34.853921986178293, -7.159382882015789 ] ] ] } },
{ "type": "Feature", "properties": { "id": 1, "oneway": null, "highway": "footway", "junction": null, "wheelchair": null, "level": 0.0, "name": "level_0", "roundabout": null, "footway": null, "layer": "corredores", "path": "C:/Users/ACER/Desktop/mapa_unipe/corredores.shp" }, "geometry": { "type": "MultiLineString", "coordinates": [ [ [ -34.852740672438337, -7.158432988294111 ], [ -34.85261753982622, -7.158559033863829 ], [ -34.852609057827664, -7.158567716520395 ], [ -34.852536343822216, -7.158638368190202 ], [ -34.852121906191158, -7.159041051212489 ], [ -34.852072605697927, -7.159088126895552 ] ] ] } },
{ "type": "Feature", "properties": { "id": 1, "oneway": null, "highway": "footway", "junction": null, "wheelchair": null, "level": 0.0, "name": "level_0", "roundabout": null, "footway": null, "layer": "corredores", "path": "C:/Users/ACER/Desktop/mapa_unipe/corredores.shp" }, "geometry": { "type": "MultiLineString", "coordinates": [ [ [ -34.852496125912005, -7.158597408622331 ], [ -34.852536343822216, -7.158638368190202 ], [ -34.852593439979287, -7.158696131735684 ], [ -34.852610318431516, -7.158713211774536 ], [ -34.852621784178901, -7.158724840148091 ] ] ] } },
{ "type": "Feature", "properties": { "id": 1, "oneway": null, "highway": "footway", "junction": null, "wheelchair": null, "level": 0.0, "name": "level_0", "roundabout": null, "footway": null, "layer": "corredores", "path": "C:/Users/ACER/Desktop/mapa_unipe/corredores.shp" }, "geometry": { "type": "MultiLineString", "coordinates": [ [ [ -34.85261753982622, -7.158559033863829 ], [ -34.852644742969446, -7.158586114381723 ] ] ] } },
{ "type": "Feature", "properties": { "id": 1, "oneway": null, "highway": "footway", "junction": null, "wheelchair": null, "level": 0.0, "name": "level_0", "roundabout": null, "footway": null, "layer": "corredores", "path": "C:/Users/ACER/Desktop/mapa_unipe/corredores.shp" }, "geometry": { "type": "MultiLineString", "coordinates": [ [ [ -34.852593439979287, -7.158696131735684 ], [ -34.85263604394882, -7.158656787029757 ] ] ] } },
{ "type": "Feature", "properties": { "id": 1, "oneway": null, "highway": "footway", "junction": null, "wheelchair": null, "level": 0.0, "name": "level_0", "roundabout": null, "footway": null, "layer": "corredores", "path": "C:/Users/ACER/Desktop/mapa_unipe/corredores.shp" }, "geometry": { "type": "MultiLineString", "coordinates": [ [ [ -34.852121906191158, -7.159041051212489 ], [ -34.852091015335091, -7.15901248257054 ] ] ] } },
{ "type": "Feature", "properties": { "id": 1, "oneway": null, "highway": "footway", "junction": null, "wheelchair": null, "level": 0.0, "name": "level_0", "roundabout": null, "footway": null, "layer": "corredores", "path": "C:/Users/ACER/Desktop/mapa_unipe/corredores.shp" }, "geometry": { "type": "MultiLineString", "coordinates": [ [ [ -34.85374464716628, -7.158943652242007 ], [ -34.853749682851344, -7.158921925952813 ] ] ] } },
{ "type": "Feature", "properties": { "id": 1, "oneway": null, "highway": "footway", "junction": null, "wheelchair": null, "level": 0.0, "name": "level_0", "roundabout": null, "footway": null, "layer": "corredores", "path": "C:/Users/ACER/Desktop/mapa_unipe/corredores.shp" }, "geometry": { "type": "MultiLineString", "coordinates": [ [ [ -34.854267624451765, -7.159079715757681 ], [ -34.854273360120622, -7.159058414157073 ] ] ] } },
{ "type": "Feature", "properties": { "id": 1, "oneway": null, "highway": "footway", "junction": null, "wheelchair": null, "level": 0.0, "name": "level_0", "roundabout": null, "footway": null, "layer": "corredores", "path": "C:/Users/ACER/Desktop/mapa_unipe/corredores.shp" }, "geometry": { "type": "MultiLineString", "coordinates": [ [ [ -34.853967307326663, -7.157728699816387 ], [ -34.8548127300933, -7.157943132443039 ], [ -34.854821202687233, -7.157945281427208 ], [ -34.854944094315222, -7.158024808173381 ], [ -34.855743355385592, -7.158232718003127 ] ] ] } },
{ "type": "Feature", "properties": { "id": 1, "oneway": null, "highway": "footway", "junction": null, "wheelchair": null, "level": 0.0, "name": "level_0", "roundabout": null, "footway": null, "layer": "corredores", "path": "C:/Users/ACER/Desktop/mapa_unipe/corredores.shp" }, "geometry": { "type": "MultiLineString", "coordinates": [ [ [ -34.854797195413511, -7.158003403891467 ], [ -34.8548127300933, -7.157943132443039 ] ] ] } },
{ "type": "Feature", "properties": { "id": 1, "oneway": null, "highway": "footway", "junction": null, "wheelchair": null, "level": 0.0, "name": "level_0", "roundabout": null, "footway": null, "layer": "corredores", "path": "C:/Users/ACER/Desktop/mapa_unipe/corredores.shp" }, "geometry": { "type": "MultiLineString", "coordinates": [ [ [ -34.853514123603951, -7.160740757966494 ], [ -34.85266935515515, -7.161173901871022 ] ] ] } },
{ "type": "Feature", "properties": { "id": 1, "oneway": null, "highway": "footway", "junction": null, "wheelchair": null, "level": 0.0, "name": "level_0", "roundabout": null, "footway": null, "layer": "corredores", "path": "C:/Users/ACER/Desktop/mapa_unipe/corredores.shp" }, "geometry": { "type": "MultiLineString", "coordinates": [ [ [ -34.853807248368909, -7.158515730829668 ], [ -34.853812348826416, -7.158493756818962 ] ] ] } },
{ "type": "Feature", "properties": { "id": 1, "oneway": null, "highway": "footway", "junction": null, "wheelchair": null, "level": 0.0, "name": "level_0", "roundabout": null, "footway": null, "layer": "corredores", "path": "C:/Users/ACER/Desktop/mapa_unipe/corredores.shp" }, "geometry": { "type": "MultiLineString", "coordinates": [ [ [ -34.852610318431516, -7.158713211774536 ], [ -34.852655783566362, -7.158676707513321 ] ] ] } },
{ "type": "Feature", "properties": { "id": 1, "oneway": null, "highway": "footway", "junction": null, "wheelchair": null, "level": 0.0, "name": "level_0", "roundabout": null, "footway": null, "layer": "corredores", "path": "C:/Users/ACER/Desktop/mapa_unipe/corredores.shp" }, "geometry": { "type": "MultiLineString", "coordinates": [ [ [ -34.854017241640939, -7.159149077170269 ], [ -34.85405031699252, -7.159156800296382 ] ] ] } },
{ "type": "Feature", "properties": { "id": 1, "oneway": null, "highway": "footway", "junction": null, "wheelchair": null, "level": 0.0, "name": "level_0", "roundabout": null, "footway": null, "layer": "corredores", "path": "C:/Users/ACER/Desktop/mapa_unipe/corredores.shp" }, "geometry": { "type": "MultiLineString", "coordinates": [ [ [ -34.853866045783377, -7.158975286902179 ], [ -34.853871954033337, -7.158953803383439 ] ] ] } },
{ "type": "Feature", "properties": { "id": 1, "oneway": null, "highway": "footway", "junction": null, "wheelchair": null, "level": 0.0, "name": "level_0", "roundabout": null, "footway": null, "layer": "corredores", "path": "C:/Users/ACER/Desktop/mapa_unipe/corredores.shp" }, "geometry": { "type": "MultiLineString", "coordinates": [ [ [ -34.853860413788617, -7.158301001972526 ], [ -34.853865888952384, -7.158279887420005 ] ] ] } },
{ "type": "Feature", "properties": { "id": 2, "oneway": null, "highway": "footway", "junction": null, "wheelchair": null, "level": 1.0, "name": "level_1", "roundabout": null, "footway": null, "layer": "corredores", "path": "C:/Users/ACER/Desktop/mapa_unipe/corredores.shp" }, "geometry": { "type": "MultiLineString", "coordinates": [ [ [ -34.855040048083985, -7.159727838771197 ], [ -34.855004131529753, -7.159718603903909 ], [ -34.854934604326004, -7.159700727062735 ], [ -34.854864998485787, -7.159682830002721 ], [ -34.854786725862617, -7.159662704537466 ], [ -34.854716577088496, -7.159644675301454 ], [ -34.854644333926295, -7.159626081234385 ], [ -34.854574771725517, -7.159608183421298 ], [ -34.854505206288465, -7.159590284774707 ], [ -34.854420133922773, -7.159568396314877 ], [ -34.854369862934085, -7.159555461978921 ] ] ] } },
{ "type": "Feature", "properties": { "id": 2, "oneway": null, "highway": "footway", "junction": null, "wheelchair": null, "level": 1.0, "name": "level_1", "roundabout": null, "footway": null, "layer": "corredores", "path": "C:/Users/ACER/Desktop/mapa_unipe/corredores.shp" }, "geometry": { "type": "MultiLineString", "coordinates": [ [ [ -34.85434845059801, -7.15954996754939 ], [ -34.854299028612346, -7.159537285811987 ], [ -34.854264143035955, -7.159528282988967 ], [ -34.854231988468868, -7.1595200832348 ], [ -34.854162406386081, -7.159502228392408 ], [ -34.854092883420769, -7.159484233130649 ], [ -34.854014587152427, -7.159464094467097 ], [ -34.853945518328374, -7.159446325808203 ], [ -34.853876390703789, -7.159428543933025 ], [ -34.85381574249363, -7.15941294809305 ], [ -34.853755078665664, -7.159397347410287 ], [ -34.853724650653589, -7.159389521329444 ] ] ] } },
{ "type": "Feature", "properties": { "id": 2, "oneway": null, "highway": "footway", "junction": null, "wheelchair": null, "level": 1.0, "name": "level_1", "roundabout": null, "footway": null, "layer": "corredores", "path": "C:/Users/ACER/Desktop/mapa_unipe/corredores.shp" }, "geometry": { "type": "MultiLineString", "coordinates": [ [ [ -34.854716577088496, -7.159644675301454 ], [ -34.854700737577602, -7.159705235149511 ] ] ] } },
{ "type": "Feature", "properties": { "id": 2, "oneway": null, "highway": "footway", "junction": null, "wheelchair": null, "level": 1.0, "name": "level_1", "roundabout": null, "footway": null, "layer": "corredores", "path": "C:/Users/ACER/Desktop/mapa_unipe/corredores.shp" }, "geometry": { "type": "MultiLineString", "coordinates": [ [ [ -34.853945518328253, -7.159446325808055 ], [ -34.853929936390124, -7.15950601305102 ] ] ] } },
{ "type": "Feature", "properties": { "id": 1, "oneway": null, "highway": "footway", "junction": null, "wheelchair": null, "level": 0.0, "name": "level_0", "roundabout": null, "footway": null, "layer": "corredores", "path": "C:/Users/ACER/Desktop/mapa_unipe/corredores.shp" }, "geometry": { "type": "MultiLineString", "coordinates": [ [ [ -34.856042311261767, -7.159484134060571 ], [ -34.856086401106623, -7.159495610629648 ] ] ] } },
{ "type": "Feature", "properties": { "id": 1, "oneway": null, "highway": "footway", "junction": null, "wheelchair": null, "level": 0.0, "name": "level_0", "roundabout": null, "footway": null, "layer": "corredores", "path": "C:/Users/ACER/Desktop/mapa_unipe/corredores.shp" }, "geometry": { "type": "MultiLineString", "coordinates": [ [ [ -34.856086401106623, -7.159495610629648 ], [ -34.856100975352497, -7.159440490054584 ], [ -34.856129307591033, -7.159447874964003 ], [ -34.856146661061182, -7.159452393413295 ], [ -34.856184715659978, -7.159462292201571 ] ] ] } },
{ "type": "Feature", "properties": { "id": 1, "oneway": null, "highway": "footway", "junction": null, "wheelchair": null, "level": 0.0, "name": "level_0", "roundabout": null, "footway": null, "layer": "corredores", "path": "C:/Users/ACER/Desktop/mapa_unipe/corredores.shp" }, "geometry": { "type": "MultiLineString", "coordinates": [ [ [ -34.856086401106623, -7.159495610629648 ], [ -34.856064654172698, -7.159577852239496 ], [ -34.8560934026548, -7.159585388298901 ], [ -34.856110772947233, -7.159589941869863 ], [ -34.856148386581651, -7.159599785074679 ] ] ] } },
{ "type": "Feature", "properties": { "id": 1, "oneway": null, "highway": "footway", "junction": null, "wheelchair": null, "level": 0.0, "name": "level_0", "roundabout": null, "footway": null, "layer": "corredores", "path": "C:/Users/ACER/Desktop/mapa_unipe/corredores.shp" }, "geometry": { "type": "MultiLineString", "coordinates": [ [ [ -34.854615393313694, -7.160165402142598 ], [ -34.854541781726844, -7.160146784797678 ], [ -34.854516484072398, -7.160140386626214 ], [ -34.854490696011752, -7.160133864423299 ], [ -34.854423827842233, -7.160116953505096 ] ] ] } },
{ "type": "Feature", "properties": { "id": 1, "oneway": null, "highway": "footway", "junction": null, "wheelchair": null, "level": 0.0, "name": "level_0", "roundabout": null, "footway": null, "layer": "corredores", "path": "C:/Users/ACER/Desktop/mapa_unipe/corredores.shp" }, "geometry": { "type": "MultiLineString", "coordinates": [ [ [ -34.854550198460295, -7.16011402213879 ], [ -34.854541781726844, -7.160146784797678 ] ] ] } },
{ "type": "Feature", "properties": { "id": 1, "oneway": null, "highway": "footway", "junction": null, "wheelchair": null, "level": 0.0, "name": "level_0", "roundabout": null, "footway": null, "layer": "corredores", "path": "C:/Users/ACER/Desktop/mapa_unipe/corredores.shp" }, "geometry": { "type": "MultiLineString", "coordinates": [ [ [ -34.854524905779009, -7.160107604608514 ], [ -34.854516484072398, -7.160140386626214 ] ] ] } },
{ "type": "Feature", "properties": { "id": 1, "oneway": null, "highway": "footway", "junction": null, "wheelchair": null, "level": 0.0, "name": "level_0", "roundabout": null, "footway": null, "layer": "corredores", "path": "C:/Users/ACER/Desktop/mapa_unipe/corredores.shp" }, "geometry": { "type": "MultiLineString", "coordinates": [ [ [ -34.854499122787942, -7.160101062671489 ], [ -34.854490696011752, -7.160133864423299 ] ] ] } },
{ "type": "Feature", "properties": { "id": 1, "oneway": null, "highway": "footway", "junction": null, "wheelchair": null, "level": 0.0, "name": "level_0", "roundabout": null, "footway": null, "layer": "corredores", "path": "C:/Users/ACER/Desktop/mapa_unipe/corredores.shp" }, "geometry": { "type": "MultiLineString", "coordinates": [ [ [ -34.854516484072398, -7.160140386626214 ], [ -34.854483846006836, -7.160267425861722 ], [ -34.854464348777888, -7.16034332000992 ], [ -34.854533938566391, -7.160360919887663 ], [ -34.854470329018262, -7.16060852382085 ], [ -34.85452055068329, -7.160621188994621 ], [ -34.854510411524224, -7.160660656258217 ], [ -34.854527356022103, -7.16066494166983 ] ] ] } },
{ "type": "Feature", "properties": { "id": 1, "oneway": null, "highway": "footway", "junction": null, "wheelchair": null, "level": 0.0, "name": "level_0", "roundabout": null, "footway": null, "layer": "corredores", "path": "C:/Users/ACER/Desktop/mapa_unipe/corredores.shp" }, "geometry": { "type": "MultiLineString", "coordinates": [ [ [ -34.854533938566391, -7.160360919887663 ], [ -34.854603528354907, -7.160378519764731 ], [ -34.854595284200009, -7.160410610632247 ] ] ] } },
{ "type": "Feature", "properties": { "id": 1, "oneway": null, "highway": "footway", "junction": null, "wheelchair": null, "level": 0.0, "name": "level_0", "roundabout": null, "footway": null, "layer": "corredores", "path": "C:/Users/ACER/Desktop/mapa_unipe/corredores.shp" }, "geometry": { "type": "MultiLineString", "coordinates": [ [ [ -34.854483846006836, -7.160267425861722 ], [ -34.854350869563149, -7.160233794926456 ], [ -34.854357629116407, -7.160207482949804 ] ] ] } },
{ "type": "Feature", "properties": { "id": 1, "oneway": null, "highway": "footway", "junction": null, "wheelchair": null, "level": 0.0, "name": "level_0", "roundabout": null, "footway": null, "layer": "corredores", "path": "C:/Users/ACER/Desktop/mapa_unipe/corredores.shp" }, "geometry": { "type": "MultiLineString", "coordinates": [ [ [ -34.854350869563149, -7.160233794926456 ], [ -34.854254040515379, -7.160610707781062 ], [ -34.854249153826309, -7.160609471894541 ] ] ] } },
{ "type": "Feature", "properties": { "id": 1, "oneway": null, "highway": "footway", "junction": null, "wheelchair": null, "level": 0.0, "name": "level_0", "roundabout": null, "footway": null, "layer": "corredores", "path": "C:/Users/ACER/Desktop/mapa_unipe/corredores.shp" }, "geometry": { "type": "MultiLineString", "coordinates": [ [ [ -34.854470329018262, -7.16060852382085 ], [ -34.854400739391636, -7.160590923322584 ], [ -34.854308275880726, -7.160567537596645 ] ] ] } },
{ "type": "Feature", "properties": { "id": 1, "oneway": null, "highway": "footway", "junction": null, "wheelchair": null, "level": 0.0, "name": "level_0", "roundabout": null, "footway": null, "layer": "corredores", "path": "C:/Users/ACER/Desktop/mapa_unipe/corredores.shp" }, "geometry": { "type": "MultiLineString", "coordinates": [ [ [ -34.854400739391636, -7.160590923322584 ], [ -34.854412498456036, -7.160545150476354 ] ] ] } },
{ "type": "Feature", "properties": { "id": 1, "oneway": null, "highway": "footway", "junction": null, "wheelchair": null, "level": 0.0, "name": "level_0", "roundabout": null, "footway": null, "layer": "corredores", "path": "C:/Users/ACER/Desktop/mapa_unipe/corredores.shp" }, "geometry": { "type": "MultiLineString", "coordinates": [ [ [ -34.855767322368557, -7.158914032244465 ], [ -34.855806802804956, -7.158757523509089 ], [ -34.855826859875059, -7.158678859061438 ] ] ] } },
{ "type": "Feature", "properties": { "id": 1, "oneway": null, "highway": "footway", "junction": null, "wheelchair": null, "level": 0.0, "name": "level_0", "roundabout": null, "footway": null, "layer": "corredores", "path": "C:/Users/ACER/Desktop/mapa_unipe/corredores.shp" }, "geometry": { "type": "MultiLineString", "coordinates": [ [ [ -34.855878585224353, -7.159183143859933 ], [ -34.855877165109781, -7.159188753503711 ], [ -34.85586409439474, -7.159240635966238 ], [ -34.855857472445138, -7.159266542135619 ] ] ] } },
{ "type": "Feature", "properties": { "id": 1, "oneway": null, "highway": "footway", "junction": null, "wheelchair": null, "level": 0.0, "name": "level_0", "roundabout": null, "footway": null, "layer": "corredores", "path": "C:/Users/ACER/Desktop/mapa_unipe/corredores.shp" }, "geometry": { "type": "MultiLineString", "coordinates": [ [ [ -34.856129307591033, -7.159447874964003 ], [ -34.856133958778209, -7.159430408182605 ] ] ] } },
{ "type": "Feature", "properties": { "id": 1, "oneway": null, "highway": "footway", "junction": null, "wheelchair": null, "level": 0.0, "name": "level_0", "roundabout": null, "footway": null, "layer": "corredores", "path": "C:/Users/ACER/Desktop/mapa_unipe/corredores.shp" }, "geometry": { "type": "MultiLineString", "coordinates": [ [ [ -34.856146659224024, -7.159452394432043 ], [ -34.85615133227126, -7.159434974655474 ] ] ] } },
{ "type": "Feature", "properties": { "id": 1, "oneway": null, "highway": "footway", "junction": null, "wheelchair": null, "level": 0.0, "name": "level_0", "roundabout": null, "footway": null, "layer": "corredores", "path": "C:/Users/ACER/Desktop/mapa_unipe/corredores.shp" }, "geometry": { "type": "MultiLineString", "coordinates": [ [ [ -34.856110773056031, -7.159589942239004 ], [ -34.856106167319943, -7.159607116117597 ] ] ] } },
{ "type": "Feature", "properties": { "id": 1, "oneway": null, "highway": "footway", "junction": null, "wheelchair": null, "level": 0.0, "name": "level_0", "roundabout": null, "footway": null, "layer": "corredores", "path": "C:/Users/ACER/Desktop/mapa_unipe/corredores.shp" }, "geometry": { "type": "MultiLineString", "coordinates": [ [ [ -34.85609340276303, -7.159585388590791 ], [ -34.856088805111902, -7.159602532412079 ] ] ] } },
{ "type": "Feature", "properties": { "id": 1, "oneway": null, "highway": "footway", "junction": null, "wheelchair": null, "level": 0.0, "name": "level_0", "roundabout": null, "footway": null, "layer": "corredores", "path": "C:/Users/ACER/Desktop/mapa_unipe/corredores.shp" }, "geometry": { "type": "MultiLineString", "coordinates": [ [ [ -34.855864086090676, -7.159240638127786 ], [ -34.855855307780658, -7.159238462227083 ] ] ] } },
{ "type": "Feature", "properties": { "id": 1, "oneway": null, "highway": "footway", "junction": null, "wheelchair": null, "level": 0.0, "name": "level_0", "roundabout": null, "footway": null, "layer": "corredores", "path": "C:/Users/ACER/Desktop/mapa_unipe/corredores.shp" }, "geometry": { "type": "MultiLineString", "coordinates": [ [ [ -34.855877165075277, -7.159188753523005 ], [ -34.855868339705957, -7.159186570238384 ] ] ] } },
{ "type": "Feature", "properties": { "id": 1, "oneway": null, "highway": "footway", "junction": null, "wheelchair": null, "level": 0.0, "name": "level_0", "roundabout": null, "footway": null, "layer": "corredores", "path": "C:/Users/ACER/Desktop/mapa_unipe/corredores.shp" }, "geometry": { "type": "MultiLineString", "coordinates": [ [ [ -34.8558902571611, -7.159136881496451 ], [ -34.855881333629682, -7.159134669178754 ] ] ] } },
{ "type": "Feature", "properties": { "id": 1, "oneway": null, "highway": "footway", "junction": null, "wheelchair": null, "level": 0.0, "name": "level_0", "roundabout": null, "footway": null, "layer": "corredores", "path": "C:/Users/ACER/Desktop/mapa_unipe/corredores.shp" }, "geometry": { "type": "MultiLineString", "coordinates": [ [ [ -34.855903330737647, -7.159085000209348 ], [ -34.855894326571743, -7.159082772019752 ] ] ] } },
{ "type": "Feature", "properties": { "id": 1, "oneway": null, "highway": "footway", "junction": null, "wheelchair": null, "level": 0.0, "name": "level_0", "roundabout": null, "footway": null, "layer": "corredores", "path": "C:/Users/ACER/Desktop/mapa_unipe/corredores.shp" }, "geometry": { "type": "MultiLineString", "coordinates": [ [ [ -34.855806802780322, -7.158757523320933 ], [ -34.85583025430499, -7.158763109840992 ] ] ] } },
{ "type": "Feature", "properties": { "id": 1, "oneway": null, "highway": "footway", "junction": null, "wheelchair": null, "level": 0.0, "name": "level_0", "roundabout": null, "footway": null, "layer": "corredores", "path": "C:/Users/ACER/Desktop/mapa_unipe/corredores.shp" }, "geometry": { "type": "MultiLineString", "coordinates": [ [ [ -34.855000093784206, -7.159734094420192 ], [ -34.854997340319187, -7.159744669219578 ] ] ] } },
{ "type": "Feature", "properties": { "id": 1, "oneway": null, "highway": "footway", "junction": null, "wheelchair": null, "level": 0.0, "name": "level_0", "roundabout": null, "footway": null, "layer": "corredores", "path": "C:/Users/ACER/Desktop/mapa_unipe/corredores.shp" }, "geometry": { "type": "MultiLineString", "coordinates": [ [ [ -34.854927761391494, -7.159726839887157 ], [ -34.854930571995077, -7.159716211447546 ] ] ] } },
{ "type": "Feature", "properties": { "id": 1, "oneway": null, "highway": "footway", "junction": null, "wheelchair": null, "level": 0.0, "name": "level_0", "roundabout": null, "footway": null, "layer": "corredores", "path": "C:/Users/ACER/Desktop/mapa_unipe/corredores.shp" }, "geometry": { "type": "MultiLineString", "coordinates": [ [ [ -34.85485820869399, -7.159708879556591 ], [ -34.854860963386521, -7.159698309523958 ] ] ] } },
{ "type": "Feature", "properties": { "id": 1, "oneway": null, "highway": "footway", "junction": null, "wheelchair": null, "level": 0.0, "name": "level_0", "roundabout": null, "footway": null, "layer": "corredores", "path": "C:/Users/ACER/Desktop/mapa_unipe/corredores.shp" }, "geometry": { "type": "MultiLineString", "coordinates": [ [ [ -34.853869679855343, -7.159454458335248 ], [ -34.85387234982899, -7.159444052999365 ] ] ] } },
{ "type": "Feature", "properties": { "id": 1, "oneway": null, "highway": "footway", "junction": null, "wheelchair": null, "level": 0.0, "name": "level_0", "roundabout": null, "footway": null, "layer": "corredores", "path": "C:/Users/ACER/Desktop/mapa_unipe/corredores.shp" }, "geometry": { "type": "MultiLineString", "coordinates": [ [ [ -34.854637546054903, -7.159652123359301 ], [ -34.854640301692633, -7.159641549422146 ] ] ] } },
{ "type": "Feature", "properties": { "id": 1, "oneway": null, "highway": "footway", "junction": null, "wheelchair": null, "level": 0.0, "name": "level_0", "roundabout": null, "footway": null, "layer": "corredores", "path": "C:/Users/ACER/Desktop/mapa_unipe/corredores.shp" }, "geometry": { "type": "MultiLineString", "coordinates": [ [ [ -34.854567972477795, -7.159634268669525 ], [ -34.854570733849172, -7.159623674875276 ] ] ] } },
{ "type": "Feature", "properties": { "id": 1, "oneway": null, "highway": "footway", "junction": null, "wheelchair": null, "level": 0.0, "name": "level_0", "roundabout": null, "footway": null, "layer": "corredores", "path": "C:/Users/ACER/Desktop/mapa_unipe/corredores.shp" }, "geometry": { "type": "MultiLineString", "coordinates": [ [ [ -34.85449839488308, -7.159616417165944 ], [ -34.854501168156141, -7.15960577689104 ] ] ] } },
{ "type": "Feature", "properties": { "id": 1, "oneway": null, "highway": "footway", "junction": null, "wheelchair": null, "level": 0.0, "name": "level_0", "roundabout": null, "footway": null, "layer": "corredores", "path": "C:/Users/ACER/Desktop/mapa_unipe/corredores.shp" }, "geometry": { "type": "MultiLineString", "coordinates": [ [ [ -34.854413308637241, -7.159594582715576 ], [ -34.854416093945829, -7.159583893320652 ] ] ] } },
{ "type": "Feature", "properties": { "id": 1, "oneway": null, "highway": "footway", "junction": null, "wheelchair": null, "level": 0.0, "name": "level_0", "roundabout": null, "footway": null, "layer": "corredores", "path": "C:/Users/ACER/Desktop/mapa_unipe/corredores.shp" }, "geometry": { "type": "MultiLineString", "coordinates": [ [ [ -34.854292246181522, -7.159563307383158 ], [ -34.854294999196647, -7.159552742417867 ] ] ] } },
{ "type": "Feature", "properties": { "id": 1, "oneway": null, "highway": "footway", "junction": null, "wheelchair": null, "level": 0.0, "name": "level_0", "roundabout": null, "footway": null, "layer": "corredores", "path": "C:/Users/ACER/Desktop/mapa_unipe/corredores.shp" }, "geometry": { "type": "MultiLineString", "coordinates": [ [ [ -34.854225205864843, -7.159546105234676 ], [ -34.854227969987406, -7.159535499102361 ] ] ] } },
{ "type": "Feature", "properties": { "id": 1, "oneway": null, "highway": "footway", "junction": null, "wheelchair": null, "level": 0.0, "name": "level_0", "roundabout": null, "footway": null, "layer": "corredores", "path": "C:/Users/ACER/Desktop/mapa_unipe/corredores.shp" }, "geometry": { "type": "MultiLineString", "coordinates": [ [ [ -34.854158396216192, -7.159517609896051 ], [ -34.854155640746932, -7.159528254651279 ] ] ] } },
{ "type": "Feature", "properties": { "id": 1, "oneway": null, "highway": "footway", "junction": null, "wheelchair": null, "level": 0.0, "name": "level_0", "roundabout": null, "footway": null, "layer": "corredores", "path": "C:/Users/ACER/Desktop/mapa_unipe/corredores.shp" }, "geometry": { "type": "MultiLineString", "coordinates": [ [ [ -34.854086062749886, -7.159510401048274 ], [ -34.85408884998273, -7.159499709855782 ] ] ] } },
{ "type": "Feature", "properties": { "id": 1, "oneway": null, "highway": "footway", "junction": null, "wheelchair": null, "level": 0.0, "name": "level_0", "roundabout": null, "footway": null, "layer": "corredores", "path": "C:/Users/ACER/Desktop/mapa_unipe/corredores.shp" }, "geometry": { "type": "MultiLineString", "coordinates": [ [ [ -34.854007754749588, -7.159490307469793 ], [ -34.854010551907137, -7.15947957538894 ] ] ] } },
{ "type": "Feature", "properties": { "id": 1, "oneway": null, "highway": "footway", "junction": null, "wheelchair": null, "level": 0.0, "name": "level_0", "roundabout": null, "footway": null, "layer": "corredores", "path": "C:/Users/ACER/Desktop/mapa_unipe/corredores.shp" }, "geometry": { "type": "MultiLineString", "coordinates": [ [ [ -34.853808958533207, -7.159438980414564 ], [ -34.853811713958748, -7.159428401312294 ] ] ] } },
{ "type": "Feature", "properties": { "id": 1, "oneway": null, "highway": "footway", "junction": null, "wheelchair": null, "level": 0.0, "name": "level_0", "roundabout": null, "footway": null, "layer": "corredores", "path": "C:/Users/ACER/Desktop/mapa_unipe/corredores.shp" }, "geometry": { "type": "MultiLineString", "coordinates": [ [ [ -34.853748293359651, -7.159423379679739 ], [ -34.853751043838379, -7.159412827072678 ] ] ] } },
{ "type": "Feature", "properties": { "id": 1, "oneway": null, "highway": "footway", "junction": null, "wheelchair": null, "level": 0.0, "name": "level_0", "roundabout": null, "footway": null, "layer": "corredores", "path": "C:/Users/ACER/Desktop/mapa_unipe/corredores.shp" }, "geometry": { "type": "MultiLineString", "coordinates": [ [ [ -34.854123705001435, -7.159054862105092 ], [ -34.854126791048358, -7.159043192501549 ] ] ] } },
{ "type": "Feature", "properties": { "id": 1, "oneway": null, "highway": "footway", "junction": null, "wheelchair": null, "level": 0.0, "name": "level_0", "roundabout": null, "footway": null, "layer": "corredores", "path": "C:/Users/ACER/Desktop/mapa_unipe/corredores.shp" }, "geometry": { "type": "MultiLineString", "coordinates": [ [ [ -34.854893727682999, -7.159255133681939 ], [ -34.854896765190141, -7.159243215047629 ] ] ] } },
{ "type": "Feature", "properties": { "id": 2, "oneway": null, "highway": "footway", "junction": null, "wheelchair": null, "level": 1.0, "name": "level_1", "roundabout": null, "footway": null, "layer": "corredores", "path": "C:/Users/ACER/Desktop/mapa_unipe/corredores.shp" }, "geometry": { "type": "MultiLineString", "coordinates": [ [ [ -34.855004131529753, -7.159718603903909 ], [ -34.854992844164187, -7.159761924270835 ] ] ] } },
{ "type": "Feature", "properties": { "id": 2, "oneway": null, "highway": "footway", "junction": null, "wheelchair": null, "level": 1.0, "name": "level_1", "roundabout": null, "footway": null, "layer": "corredores", "path": "C:/Users/ACER/Desktop/mapa_unipe/corredores.shp" }, "geometry": { "type": "MultiLineString", "coordinates": [ [ [ -34.854934604326004, -7.159700727062735 ], [ -34.854923208463511, -7.159744084043822 ] ] ] } },
{ "type": "Feature", "properties": { "id": 2, "oneway": null, "highway": "footway", "junction": null, "wheelchair": null, "level": 1.0, "name": "level_1", "roundabout": null, "footway": null, "layer": "corredores", "path": "C:/Users/ACER/Desktop/mapa_unipe/corredores.shp" }, "geometry": { "type": "MultiLineString", "coordinates": [ [ [ -34.854864998485787, -7.159682830002721 ], [ -34.854853710215323, -7.159726138161193 ] ] ] } },
{ "type": "Feature", "properties": { "id": 2, "oneway": null, "highway": "footway", "junction": null, "wheelchair": null, "level": 1.0, "name": "level_1", "roundabout": null, "footway": null, "layer": "corredores", "path": "C:/Users/ACER/Desktop/mapa_unipe/corredores.shp" }, "geometry": { "type": "MultiLineString", "coordinates": [ [ [ -34.854786725862617, -7.159662704537466 ], [ -34.85477992871882, -7.159688712760176 ] ] ] } },
{ "type": "Feature", "properties": { "id": 2, "oneway": null, "highway": "footway", "junction": null, "wheelchair": null, "level": 1.0, "name": "level_1", "roundabout": null, "footway": null, "layer": "corredores", "path": "C:/Users/ACER/Desktop/mapa_unipe/corredores.shp" }, "geometry": { "type": "MultiLineString", "coordinates": [ [ [ -34.854644333926295, -7.159626081234385 ], [ -34.854633047613021, -7.159669381889366 ] ] ] } },
{ "type": "Feature", "properties": { "id": 2, "oneway": null, "highway": "footway", "junction": null, "wheelchair": null, "level": 1.0, "name": "level_1", "roundabout": null, "footway": null, "layer": "corredores", "path": "C:/Users/ACER/Desktop/mapa_unipe/corredores.shp" }, "geometry": { "type": "MultiLineString", "coordinates": [ [ [ -34.854574771725517, -7.159608183421298 ], [ -34.854563473666659, -7.159651529140652 ] ] ] } },
{ "type": "Feature", "properties": { "id": 2, "oneway": null, "highway": "footway", "junction": null, "wheelchair": null, "level": 1.0, "name": "level_1", "roundabout": null, "footway": null, "layer": "corredores", "path": "C:/Users/ACER/Desktop/mapa_unipe/corredores.shp" }, "geometry": { "type": "MultiLineString", "coordinates": [ [ [ -34.854505206288465, -7.159590284774707 ], [ -34.854493896483447, -7.159633675560659 ] ] ] } },
{ "type": "Feature", "properties": { "id": 2, "oneway": null, "highway": "footway", "junction": null, "wheelchair": null, "level": 1.0, "name": "level_1", "roundabout": null, "footway": null, "layer": "corredores", "path": "C:/Users/ACER/Desktop/mapa_unipe/corredores.shp" }, "geometry": { "type": "MultiLineString", "coordinates": [ [ [ -34.854420133922773, -7.159568396314877 ], [ -34.854408809753231, -7.159611842213283 ] ] ] } },
{ "type": "Feature", "properties": { "id": 2, "oneway": null, "highway": "footway", "junction": null, "wheelchair": null, "level": 1.0, "name": "level_1", "roundabout": null, "footway": null, "layer": "corredores", "path": "C:/Users/ACER/Desktop/mapa_unipe/corredores.shp" }, "geometry": { "type": "MultiLineString", "coordinates": [ [ [ -34.854299028612346, -7.159537285811987 ], [ -34.85428774750573, -7.159580566499725 ] ] ] } },
{ "type": "Feature", "properties": { "id": 2, "oneway": null, "highway": "footway", "junction": null, "wheelchair": null, "level": 1.0, "name": "level_1", "roundabout": null, "footway": null, "layer": "corredores", "path": "C:/Users/ACER/Desktop/mapa_unipe/corredores.shp" }, "geometry": { "type": "MultiLineString", "coordinates": [ [ [ -34.854231988468868, -7.1595200832348 ], [ -34.854220707362231, -7.159563363924181 ] ] ] } },
{ "type": "Feature", "properties": { "id": 2, "oneway": null, "highway": "footway", "junction": null, "wheelchair": null, "level": 1.0, "name": "level_1", "roundabout": null, "footway": null, "layer": "corredores", "path": "C:/Users/ACER/Desktop/mapa_unipe/corredores.shp" }, "geometry": { "type": "MultiLineString", "coordinates": [ [ [ -34.854162406386081, -7.159502228392408 ], [ -34.854151142263433, -7.159545513441616 ] ] ] } },
{ "type": "Feature", "properties": { "id": 2, "oneway": null, "highway": "footway", "junction": null, "wheelchair": null, "level": 1.0, "name": "level_1", "roundabout": null, "footway": null, "layer": "corredores", "path": "C:/Users/ACER/Desktop/mapa_unipe/corredores.shp" }, "geometry": { "type": "MultiLineString", "coordinates": [ [ [ -34.854092883420769, -7.159484233130649 ], [ -34.854081564302412, -7.159527659657871 ] ] ] } },
{ "type": "Feature", "properties": { "id": 2, "oneway": null, "highway": "footway", "junction": null, "wheelchair": null, "level": 1.0, "name": "level_1", "roundabout": null, "footway": null, "layer": "corredores", "path": "C:/Users/ACER/Desktop/mapa_unipe/corredores.shp" }, "geometry": { "type": "MultiLineString", "coordinates": [ [ [ -34.854014587152427, -7.159464094467097 ], [ -34.854007754777612, -7.159490307315145 ] ] ] } },
{ "type": "Feature", "properties": { "id": 2, "oneway": null, "highway": "footway", "junction": null, "wheelchair": null, "level": 1.0, "name": "level_1", "roundabout": null, "footway": null, "layer": "corredores", "path": "C:/Users/ACER/Desktop/mapa_unipe/corredores.shp" }, "geometry": { "type": "MultiLineString", "coordinates": [ [ [ -34.853876390703789, -7.159428543933025 ], [ -34.853865284326005, -7.159471893096726 ] ] ] } },
{ "type": "Feature", "properties": { "id": 2, "oneway": null, "highway": "footway", "junction": null, "wheelchair": null, "level": 1.0, "name": "level_1", "roundabout": null, "footway": null, "layer": "corredores", "path": "C:/Users/ACER/Desktop/mapa_unipe/corredores.shp" }, "geometry": { "type": "MultiLineString", "coordinates": [ [ [ -34.85381574249363, -7.15941294809305 ], [ -34.853804456879615, -7.159456246085489 ] ] ] } },
{ "type": "Feature", "properties": { "id": 2, "oneway": null, "highway": "footway", "junction": null, "wheelchair": null, "level": 1.0, "name": "level_1", "roundabout": null, "footway": null, "layer": "corredores", "path": "C:/Users/ACER/Desktop/mapa_unipe/corredores.shp" }, "geometry": { "type": "MultiLineString", "coordinates": [ [ [ -34.853755078665664, -7.159397347410287 ], [ -34.853743793544275, -7.159440643514202 ] ] ] } },
{ "type": "Feature", "properties": { "id": 1, "oneway": null, "highway": "footway", "junction": null, "wheelchair": null, "level": 0.0, "name": "level_0", "roundabout": null, "footway": null, "layer": "corredores", "path": "C:/Users/ACER/Desktop/mapa_unipe/corredores.shp" }, "geometry": { "type": "MultiLineString", "coordinates": [ [ [ -34.85477992871882, -7.159688712760176 ], [ -34.854782723164199, -7.159678191692738 ] ] ] } },
{ "type": "Feature", "properties": { "id": 1, "oneway": "no", "highway": "service", "junction": null, "wheelchair": null, "level": null, "name": null, "roundabout": null, "footway": null, "layer": "estradas_unipe", "path": "C:/Users/ACER/Desktop/mapa_unipe/estradas_unipe.shp" }, "geometry": { "type": "MultiLineString", "coordinates": [ [ [ -34.857998704923432, -7.157925082920399 ], [ -34.857938655131591, -7.157995179141003 ], [ -34.85792540885398, -7.15803197965251 ], [ -34.857921876513281, -7.158089809021734 ], [ -34.857936888961241, -7.158225620390336 ], [ -34.858029612904517, -7.158762732051971 ], [ -34.858049040778347, -7.158908181430649 ], [ -34.858042859182127, -7.158959877282983 ], [ -34.858028729819338, -7.15900193492124 ], [ -34.858003120349288, -7.159044868756293 ], [ -34.857970446197847, -7.159077288180084 ], [ -34.857568682113644, -7.159312484384386 ], [ -34.856945184310696, -7.159677485204346 ], [ -34.855971197119942, -7.160308118531649 ], [ -34.855205023186834, -7.160109865888597 ], [ -34.854630992707015, -7.159960646068862 ], [ -34.853864403511999, -7.159761653998356 ], [ -34.853627340030812, -7.159699766976312 ] ] ] } },
{ "type": "Feature", "properties": { "id": 1, "oneway": "no", "highway": "service", "junction": null, "wheelchair": null, "level": null, "name": null, "roundabout": null, "footway": null, "layer": "estradas_unipe", "path": "C:/Users/ACER/Desktop/mapa_unipe/estradas_unipe.shp" }, "geometry": { "type": "MultiLineString", "coordinates": [ [ [ -34.855205023186834, -7.160109865888597 ], [ -34.855374824525107, -7.159448903101212 ], [ -34.855383238938622, -7.159415908933409 ], [ -34.855465666756828, -7.159167157926539 ], [ -34.855647392413928, -7.158674440482651 ], [ -34.855750289679477, -7.15841122335704 ], [ -34.855819467525613, -7.158188109937337 ], [ -34.855839431611642, -7.158103656027252 ], [ -34.8558841487081, -7.157914489602586 ], [ -34.855960781812982, -7.157590308925288 ], [ -34.856021799274345, -7.157495277066932 ], [ -34.856082338781327, -7.157448008408461 ], [ -34.856138855807707, -7.157412967847185 ], [ -34.856204732493751, -7.157390588970772 ], [ -34.857364109406781, -7.157220721119304 ], [ -34.857410144792063, -7.15721712628679 ], [ -34.857461353759611, -7.157225902688627 ], [ -34.857491394164818, -7.157242492678854 ], [ -34.857512552728451, -7.157274943989622 ], [ -34.857781028416284, -7.157829568028516 ], [ -34.857923237397173, -7.157756881512578 ] ] ] } },
{ "type": "Feature", "properties": { "id": 2, "oneway": "no", "highway": "service", "junction": null, "wheelchair": null, "level": null, "name": null, "roundabout": null, "footway": null, "layer": "estradas_unipe", "path": "C:/Users/ACER/Desktop/mapa_unipe/estradas_unipe.shp" }, "geometry": { "type": "MultiLineString", "coordinates": [ [ [ -34.853437825729863, -7.15870030782281 ], [ -34.853353734904452, -7.158617006336794 ], [ -34.853192829239937, -7.158429416538368 ], [ -34.852933446696547, -7.15810000967628 ], [ -34.852823957283888, -7.157917770950169 ], [ -34.852815013018677, -7.157892429189942 ], [ -34.852756762418927, -7.157714549430359 ], [ -34.852561977994291, -7.15700321014436 ], [ -34.852514712857371, -7.156864659290762 ], [ -34.852484757671107, -7.156819066141273 ], [ -34.852331679273931, -7.156659011934308 ], [ -34.852288466796338, -7.156593240556182 ], [ -34.852262860930054, -7.156531904123934 ], [ -34.85222578865659, -7.156329497761856 ], [ -34.852229966320053, -7.156284814731198 ], [ -34.852248541189439, -7.15624118440168 ], [ -34.852272352147885, -7.156209022214699 ], [ -34.852300832953965, -7.156182299056739 ], [ -34.852366674844141, -7.156161198364492 ], [ -34.852667679244931, -7.156097716287728 ] ] ] } },
{ "type": "Feature", "properties": { "id": 1, "oneway": "no", "highway": "service", "junction": null, "wheelchair": null, "level": null, "name": null, "roundabout": null, "footway": null, "layer": "estradas_unipe", "path": "C:/Users/ACER/Desktop/mapa_unipe/estradas_unipe.shp" }, "geometry": { "type": "MultiLineString", "coordinates": [ [ [ -34.852713895497089, -7.156266414267437 ], [ -34.852465719995969, -7.156333778514637 ], [ -34.852394202498481, -7.156366266708022 ], [ -34.852360662466502, -7.156413617577946 ], [ -34.852350913897745, -7.156477574826129 ], [ -34.852381808373991, -7.15655382853383 ], [ -34.852561223298167, -7.156744728551734 ], [ -34.852599946329896, -7.156797417360056 ], [ -34.852630895109741, -7.156875373278525 ], [ -34.852786209451473, -7.157419965825831 ], [ -34.852830418998458, -7.157590808873001 ], [ -34.852898292680571, -7.157825667887351 ], [ -34.852943552651823, -7.157921100633245 ], [ -34.852966298197941, -7.1579523923217 ], [ -34.853090782014725, -7.158123648176695 ], [ -34.853137809127354, -7.158188344669039 ], [ -34.853234042583779, -7.158332058721448 ], [ -34.853258150749852, -7.158360667027006 ], [ -34.853297729694063, -7.15840763395235 ], [ -34.853374381946864, -7.158498594440612 ], [ -34.853396701481195, -7.158530712566963 ], [ -34.853473931742961, -7.158641847991156 ] ] ] } },
{ "type": "Feature", "properties": { "id": 3, "oneway": "yes", "highway": "service", "junction": null, "wheelchair": null, "level": null, "name": null, "roundabout": "yes", "footway": null, "layer": "estradas_unipe", "path": "C:/Users/ACER/Desktop/mapa_unipe/estradas_unipe.shp" }, "geometry": { "type": "MultiLineString", "coordinates": [ [ [ -34.853641803805075, -7.158734175961269 ], [ -34.85363856474887, -7.158749968389853 ], [ -34.853633626781381, -7.158763431508068 ], [ -34.853624879275074, -7.158779089313954 ], [ -34.85361986231063, -7.158785236381278 ], [ -34.853613525385043, -7.158793000739202 ], [ -34.853599908394685, -7.158804745830986 ], [ -34.853598293560033, -7.158805689589077 ], [ -34.853582813008636, -7.158814736890285 ], [ -34.853569332492434, -7.158819871479741 ], [ -34.853555261463171, -7.158823094579041 ], [ -34.853537262042487, -7.158824342824612 ], [ -34.853521096021673, -7.158822798746029 ], [ -34.853508806709179, -7.158819871831815 ], [ -34.853495326193922, -7.158814736890285 ], [ -34.853481189762491, -7.158806800707119 ], [ -34.853469810756273, -7.158797980242326 ], [ -34.853456406907192, -7.15878346675064 ], [ -34.853446039276626, -7.158766680335406 ], [ -34.853439090388072, -7.158748239570133 ], [ -34.85343581601628, -7.158728824028785 ], [ -34.853436570822758, -7.158707365648069 ], [ -34.853437825729863, -7.15870030782281 ], [ -34.853438638520537, -7.158696815102361 ], [ -34.85344243868731, -7.158684856134721 ], [ -34.853450348078923, -7.158668765884828 ], [ -34.853460952842987, -7.158654283595054 ], [ -34.853473931742961, -7.158641847991156 ], [ -34.853487316741415, -7.158632720282843 ], [ -34.853505370202811, -7.15862455705099 ], [ -34.853524664389298, -7.158619960699418 ], [ -34.853529609579304, -7.158619703720444 ], [ -34.85354268271481, -7.158619024369202 ], [ -34.853558819423675, -7.158620848108733 ], [ -34.853574469567626, -7.158625154503319 ], [ -34.853589250169961, -7.158631837657462 ], [ -34.853604208084626, -7.158641848129646 ], [ -34.853610835594196, -7.158648310286235 ], [ -34.853618359582704, -7.158655646554961 ], [ -34.85362959871739, -7.158671871560244 ], [ -34.853632242907722, -7.158678052772074 ], [ -34.853638052613327, -7.1586916338747 ], [ -34.853641300993843, -7.158705594475719 ], [ -34.85364256020123, -7.158719868618434 ], [ -34.853641803805075, -7.158734175961269 ] ] ] } },
{ "type": "Feature", "properties": { "id": 3, "oneway": "yes", "highway": "service", "junction": null, "wheelchair": null, "level": null, "name": null, "roundabout": "yes", "footway": null, "layer": "estradas_unipe", "path": "C:/Users/ACER/Desktop/mapa_unipe/estradas_unipe.shp" }, "geometry": { "type": "MultiLineString", "coordinates": [ [ [ -34.853627340030812, -7.159699766976312 ], [ -34.853624124263639, -7.159706308405385 ], [ -34.85361945086995, -7.159713055682061 ], [ -34.853612385977854, -7.159720189008681 ], [ -34.853603273004651, -7.1597262876985 ], [ -34.85359130858015, -7.159730844571333 ], [ -34.853578587662824, -7.159732394454129 ], [ -34.853568554230371, -7.159731436012146 ], [ -34.853558042581426, -7.159728247103001 ], [ -34.853550134754755, -7.159723717084404 ], [ -34.853546943897385, -7.159721889193635 ], [ -34.853536594511098, -7.159711620696052 ], [ -34.853531737388217, -7.159703908197864 ], [ -34.853528304085145, -7.159695476689447 ], [ -34.853526294790626, -7.159685677166971 ], [ -34.853526294585045, -7.15967476995962 ], [ -34.853529177485335, -7.1596623801587 ], [ -34.853535515728694, -7.159650299196138 ], [ -34.85354340401242, -7.159641452631619 ], [ -34.853553095828708, -7.159634593427382 ], [ -34.853561055500123, -7.159631402572323 ], [ -34.853564978812607, -7.159629829803687 ], [ -34.853578587662824, -7.159628052195189 ], [ -34.853589520306855, -7.159629192426435 ], [ -34.853599974332141, -7.159632562626806 ], [ -34.853609494062503, -7.159638015989787 ], [ -34.853617663052042, -7.159645314026811 ], [ -34.853624123632201, -7.159654137473337 ], [ -34.853629131881966, -7.159665843015238 ], [ -34.853630777072965, -7.159673865519157 ], [ -34.853631096724882, -7.159682953753584 ], [ -34.85362982064656, -7.159691959688827 ], [ -34.853627340030812, -7.159699766976312 ] ] ] } },
{ "type": "Feature", "properties": { "id": 3, "oneway": "yes", "highway": "service", "junction": null, "wheelchair": null, "level": null, "name": null, "roundabout": "yes", "footway": null, "layer": "estradas_unipe", "path": "C:/Users/ACER/Desktop/mapa_unipe/estradas_unipe.shp" }, "geometry": { "type": "MultiLineString", "coordinates": [ [ [ -34.853616791867729, -7.160584632298873 ], [ -34.85361579765722, -7.160590299985036 ], [ -34.85361459903207, -7.160595326393478 ], [ -34.85361110930377, -7.160605674510988 ], [ -34.853607124669431, -7.160614152864286 ], [ -34.853602268383206, -7.160622172181264 ], [ -34.853594530648607, -7.160631998307432 ], [ -34.853585491169731, -7.160640659838148 ], [ -34.853571261094984, -7.160650363713075 ], [ -34.853555425440959, -7.160657195560352 ], [ -34.853546318145263, -7.160659616563587 ], [ -34.853535440397614, -7.160661229850684 ], [ -34.853519738119132, -7.160661229942429 ], [ -34.853504275328987, -7.16065852452646 ], [ -34.853488101350109, -7.160652524392384 ], [ -34.853474642376582, -7.160644500572256 ], [ -34.853460647098537, -7.160631996568691 ], [ -34.853449578777386, -7.160616881729379 ], [ -34.853443493279649, -7.160604222702035 ], [ -34.853439478920158, -7.160590775910801 ], [ -34.853437853404671, -7.160579982919921 ], [ -34.853437524528495, -7.16057063206258 ], [ -34.853438879128028, -7.160556673241365 ], [ -34.853441919258394, -7.16054457465207 ], [ -34.853446627010293, -7.160533013434416 ], [ -34.853452910604844, -7.160522214811916 ], [ -34.853465016069151, -7.1605079011399 ], [ -34.853478528945402, -7.160497236082944 ], [ -34.853492392786713, -7.160489922046843 ], [ -34.853508861013395, -7.160484770116657 ], [ -34.853518173711599, -7.160483306591834 ], [ -34.853527589212028, -7.160482817002597 ], [ -34.853537004965375, -7.160483306725066 ], [ -34.853546317974654, -7.160484770116657 ], [ -34.853558398576645, -7.160488207567678 ], [ -34.853568484511747, -7.160492558479416 ], [ -34.853580536563008, -7.160499886406976 ], [ -34.853592386915771, -7.160510107385932 ], [ -34.853599530579935, -7.16051840547482 ], [ -34.853606374377058, -7.160528862927467 ], [ -34.853611109039072, -7.160538712066536 ], [ -34.853614599142475, -7.16054906116755 ], [ -34.853616299843935, -7.160556673333658 ], [ -34.853617448530144, -7.160565957859354 ], [ -34.853617613648936, -7.160575312869192 ], [ -34.853616791867729, -7.160584632298873 ] ] ] } },
{ "type": "Feature", "properties": { "id": 3, "oneway": "yes", "highway": "service", "junction": null, "wheelchair": null, "level": null, "name": null, "roundabout": "yes", "footway": null, "layer": "estradas_unipe", "path": "C:/Users/ACER/Desktop/mapa_unipe/estradas_unipe.shp" }, "geometry": { "type": "MultiLineString", "coordinates": [ [ [ -34.853066791076046, -7.160805845517937 ], [ -34.853068787003608, -7.160816530835771 ], [ -34.853068691454176, -7.160827397516174 ], [ -34.85306620767485, -7.160838990650662 ], [ -34.853063778631594, -7.160844403930608 ], [ -34.85306134958833, -7.160849817210487 ], [ -34.853055636503569, -7.160857911988887 ], [ -34.853042145591779, -7.16086954841953 ], [ -34.853027615372625, -7.160875966977869 ], [ -34.85301286492529, -7.160878154096618 ], [ -34.853000965745458, -7.160877121067782 ], [ -34.852988628161697, -7.160873261533067 ], [ -34.852981590132337, -7.16086954855139 ], [ -34.852975139444759, -7.160864898372323 ], [ -34.85296874620159, -7.160858664878925 ], [ -34.85296394888146, -7.160852347843918 ], [ -34.852958176573566, -7.16084086052144 ], [ -34.852955780817076, -7.160832288911807 ], [ -34.852954765855806, -7.160823450177249 ], [ -34.852955434492699, -7.160812602384452 ], [ -34.852956944487978, -7.160805845400337 ], [ -34.852959273140222, -7.160799320731285 ], [ -34.852965064115729, -7.160788954974357 ], [ -34.85296874611943, -7.160784278914766 ], [ -34.852973635835831, -7.160779342028702 ], [ -34.85297909518151, -7.160775033283969 ], [ -34.852988628161697, -7.1607696818376 ], [ -34.852999014559892, -7.160766233901596 ], [ -34.853005895243498, -7.160765091111325 ], [ -34.853011867752336, -7.160764780638563 ], [ -34.853018831036387, -7.160765203231078 ], [ -34.853025690932782, -7.160766464929099 ], [ -34.853032344034311, -7.160768545909447 ], [ -34.853039568175461, -7.160771888579363 ], [ -34.853047044295195, -7.160776798289071 ], [ -34.853053654891333, -7.160782808486106 ], [ -34.853060322993095, -7.160791428862784 ], [ -34.853064064957572, -7.16079841367952 ], [ -34.853066791076046, -7.160805845517937 ] ] ] } },
{ "type": "Feature", "properties": { "id": 1, "oneway": "no", "highway": "service", "junction": null, "wheelchair": null, "level": null, "name": null, "roundabout": null, "footway": null, "layer": "estradas_unipe", "path": "C:/Users/ACER/Desktop/mapa_unipe/estradas_unipe.shp" }, "geometry": { "type": "MultiLineString", "coordinates": [ [ [ -34.855971197119942, -7.160308118531649 ], [ -34.855068397769692, -7.160898762171819 ], [ -34.85498799932126, -7.160924634229922 ], [ -34.854959996727665, -7.160933916731346 ], [ -34.854887724592579, -7.160916109181376 ], [ -34.85459087923649, -7.160842828996016 ], [ -34.854207664251341, -7.16074520724827 ], [ -34.85361579765722, -7.160590299985036 ] ] ] } },
{ "type": "Feature", "properties": { "id": 2, "oneway": "no", "highway": "service", "junction": null, "wheelchair": null, "level": null, "name": null, "roundabout": null, "footway": null, "layer": "estradas_unipe", "path": "C:/Users/ACER/Desktop/mapa_unipe/estradas_unipe.shp" }, "geometry": { "type": "MultiLineString", "coordinates": [ [ [ -34.853420072971623, -7.160643356410251 ], [ -34.853122933321352, -7.160789838107852 ] ] ] } },
{ "type": "Feature", "properties": { "id": 2, "oneway": "no", "highway": "service", "junction": null, "wheelchair": null, "level": null, "name": null, "roundabout": null, "footway": null, "layer": "estradas_unipe", "path": "C:/Users/ACER/Desktop/mapa_unipe/estradas_unipe.shp" }, "geometry": { "type": "MultiLineString", "coordinates": [ [ [ -34.853531424494967, -7.160429208185251 ], [ -34.853532975673183, -7.16041410544587 ], [ -34.853552358498028, -7.16009607177288 ], [ -34.85356892801925, -7.159781957501568 ] ] ] } },
{ "type": "Feature", "properties": { "id": 2, "oneway": "no", "highway": "service", "junction": null, "wheelchair": null, "level": null, "name": null, "roundabout": null, "footway": null, "layer": "estradas_unipe", "path": "C:/Users/ACER/Desktop/mapa_unipe/estradas_unipe.shp" }, "geometry": { "type": "MultiLineString", "coordinates": [ [ [ -34.853468339096629, -7.159674020690541 ], [ -34.852954977749548, -7.159524136582642 ], [ -34.852919543956922, -7.159513950760394 ], [ -34.852871857357528, -7.159509569761505 ], [ -34.852837637807042, -7.159518550809179 ], [ -34.852566530658585, -7.159689409731211 ], [ -34.852511779377792, -7.159706057520191 ], [ -34.852466742033911, -7.159698171725488 ], [ -34.852415523093818, -7.159645599757305 ], [ -34.852255022363408, -7.159357987174116 ], [ -34.852218211612183, -7.159277492474121 ], [ -34.852215062759285, -7.159254376503756 ], [ -34.852225659781375, -7.159235538197525 ], [ -34.852710473541968, -7.1589586588162 ], [ -34.852720579421906, -7.158946574878915 ], [ -34.852747609541247, -7.158914254063247 ], [ -34.853192829239937, -7.158429416538368 ], [ -34.853225435015197, -7.158395088232911 ], [ -34.853258150749852, -7.158360667027006 ] ] ] } },
{ "type": "Feature", "properties": { "id": 2, "oneway": "no", "highway": "service", "junction": null, "wheelchair": null, "level": null, "name": null, "roundabout": null, "footway": null, "layer": "estradas_unipe", "path": "C:/Users/ACER/Desktop/mapa_unipe/estradas_unipe.shp" }, "geometry": { "type": "MultiLineString", "coordinates": [ [ [ -34.852720579421906, -7.158946574878915 ], [ -34.852767209252406, -7.159030207252435 ], [ -34.852840195380324, -7.159161110616447 ], [ -34.852893051401701, -7.159255909854226 ], [ -34.852896505635414, -7.159261168991634 ], [ -34.852986112380677, -7.15939759696715 ], [ -34.852988424600504, -7.159455683471759 ], [ -34.852954977749548, -7.159524136582642 ] ] ] } },
{ "type": "Feature", "properties": { "id": 2, "oneway": "no", "highway": "service", "junction": null, "wheelchair": null, "level": null, "name": null, "roundabout": null, "footway": null, "layer": "estradas_unipe", "path": "C:/Users/ACER/Desktop/mapa_unipe/estradas_unipe.shp" }, "geometry": { "type": "MultiLineString", "coordinates": [ [ [ -34.853588104646299, -7.159571832054079 ], [ -34.853590210305391, -7.159261118849665 ], [ -34.853591047044191, -7.159137648759764 ], [ -34.853591728023183, -7.159037162733016 ] ] ] } },
{ "type": "Feature", "properties": { "id": 2, "oneway": "no", "highway": "service", "junction": null, "wheelchair": null, "level": null, "name": null, "roundabout": null, "footway": null, "layer": "estradas_unipe", "path": "C:/Users/ACER/Desktop/mapa_unipe/estradas_unipe.shp" }, "geometry": { "type": "MultiLineString", "coordinates": [ [ [ -34.853591047044191, -7.159137648759764 ], [ -34.853288724530557, -7.159139244391991 ], [ -34.852939854915924, -7.159141127604578 ], [ -34.85290975326965, -7.159145172400668 ], [ -34.852840195380324, -7.159161110616447 ] ] ] } },
{ "type": "Feature", "properties": { "id": 2, "oneway": "no", "highway": "service", "junction": null, "wheelchair": null, "level": null, "name": null, "roundabout": null, "footway": null, "layer": "estradas_unipe", "path": "C:/Users/ACER/Desktop/mapa_unipe/estradas_unipe.shp" }, "geometry": { "type": "MultiLineString", "coordinates": [ [ [ -34.85352191330351, -7.158906276356613 ], [ -34.853338126329447, -7.158993049697861 ], [ -34.853322230796309, -7.159013202315212 ], [ -34.853306335263177, -7.159061393353087 ], [ -34.853288724530557, -7.159139244391991 ] ] ] } },
{ "type": "Feature", "properties": { "id": 2, "oneway": "no", "highway": "service", "junction": null, "wheelchair": null, "level": null, "name": null, "roundabout": null, "footway": null, "layer": "estradas_unipe", "path": "C:/Users/ACER/Desktop/mapa_unipe/estradas_unipe.shp" }, "geometry": { "type": "MultiLineString", "coordinates": [ [ [ -34.853289806841381, -7.158787339426917 ], [ -34.853263505632235, -7.158797656883486 ], [ -34.852857727994724, -7.158980782886864 ], [ -34.852808280510658, -7.159007730698909 ], [ -34.852767209252406, -7.159030207252435 ] ] ] } },
{ "type": "Feature", "properties": { "id": 2, "oneway": "no", "highway": "service", "junction": null, "wheelchair": null, "level": null, "name": null, "roundabout": null, "footway": null, "layer": "estradas_unipe", "path": "C:/Users/ACER/Desktop/mapa_unipe/estradas_unipe.shp" }, "geometry": { "type": "MultiLineString", "coordinates": [ [ [ -34.852215062759285, -7.159254376503756 ], [ -34.852058535912157, -7.159181432825302 ], [ -34.85183423227793, -7.158981659087662 ], [ -34.851721197375646, -7.158849352748347 ], [ -34.851677043116936, -7.158785390067235 ], [ -34.851657615243106, -7.158702150948249 ], [ -34.851669095350374, -7.158663598087994 ], [ -34.851705301842507, -7.158623292821517 ], [ -34.851805090467181, -7.158548815689306 ], [ -34.852163623047879, -7.158285078923367 ], [ -34.852595451698022, -7.15801958959968 ], [ -34.852699655748566, -7.157966141235304 ], [ -34.852815013018677, -7.157892429189942 ] ] ] } },
{ "type": "Feature", "properties": { "id": 2, "oneway": "no", "highway": "service", "junction": null, "wheelchair": null, "level": null, "name": null, "roundabout": null, "footway": null, "layer": "estradas_unipe", "path": "C:/Users/ACER/Desktop/mapa_unipe/estradas_unipe.shp" }, "geometry": { "type": "MultiLineString", "coordinates": [ [ [ -34.855839431611642, -7.158103656027252 ], [ -34.855780510682749, -7.158090113428139 ], [ -34.855513606655869, -7.158028789727342 ], [ -34.855255745785023, -7.157958693511903 ] ] ] } },
{ "type": "Feature", "properties": { "id": 2, "oneway": "no", "highway": "service", "junction": null, "wheelchair": null, "level": null, "name": null, "roundabout": null, "footway": null, "layer": "estradas_unipe", "path": "C:/Users/ACER/Desktop/mapa_unipe/estradas_unipe.shp" }, "geometry": { "type": "MultiLineString", "coordinates": [ [ [ -34.855750289679477, -7.15841122335704 ], [ -34.855364365261515, -7.158301398187811 ], [ -34.854867188308496, -7.158172596460618 ], [ -34.854356224080952, -7.158040413083948 ], [ -34.853929049327711, -7.157920842342328 ], [ -34.853811290746172, -7.157887073520501 ], [ -34.853682088004753, -7.157865816009859 ], [ -34.853611341398775, -7.157862600960255 ], [ -34.853454924333249, -7.157855492652752 ], [ -34.853219351373511, -7.157844787138847 ], [ -34.853162833922369, -7.157855301574474 ], [ -34.853044500509036, -7.157904368937531 ], [ -34.852966298197941, -7.1579523923217 ] ] ] } },
{ "type": "Feature", "properties": { "id": 1, "oneway": "no", "highway": "service", "junction": null, "wheelchair": null, "level": null, "name": null, "roundabout": null, "footway": null, "layer": "estradas_unipe", "path": "C:/Users/ACER/Desktop/mapa_unipe/estradas_unipe.shp" }, "geometry": { "type": "MultiLineString", "coordinates": [ [ [ -34.855465666756828, -7.159167157926539 ], [ -34.854893911473049, -7.159017968039003 ], [ -34.854665734939829, -7.158958087053463 ], [ -34.854114555979145, -7.158814228191487 ], [ -34.853767747266701, -7.158723289304904 ] ] ] } },
{ "type": "Feature", "properties": { "id": 2, "oneway": "no", "highway": "service", "junction": null, "wheelchair": null, "level": null, "name": null, "roundabout": null, "footway": null, "layer": "estradas_unipe", "path": "C:/Users/ACER/Desktop/mapa_unipe/estradas_unipe.shp" }, "geometry": { "type": "MultiLineString", "coordinates": [ [ [ -34.854665747367086, -7.158958040349194 ], [ -34.854867188308496, -7.158172596460618 ] ] ] } },
{ "type": "Feature", "properties": { "id": 2, "oneway": "no", "highway": "service", "junction": null, "wheelchair": null, "level": null, "name": null, "roundabout": null, "footway": null, "layer": "estradas_unipe", "path": "C:/Users/ACER/Desktop/mapa_unipe/estradas_unipe.shp" }, "geometry": { "type": "MultiLineString", "coordinates": [ [ [ -34.853643351731122, -7.15851999772602 ], [ -34.853811290746172, -7.157887073520501 ], [ -34.85384457567686, -7.157732742669138 ] ] ] } },
{ "type": "Feature", "properties": { "id": 2, "oneway": "no", "highway": "service", "junction": null, "wheelchair": null, "level": null, "name": null, "roundabout": null, "footway": null, "layer": "estradas_unipe", "path": "C:/Users/ACER/Desktop/mapa_unipe/estradas_unipe.shp" }, "geometry": { "type": "MultiLineString", "coordinates": [ [ [ -34.85498799932126, -7.160924634229922 ], [ -34.855205023186834, -7.160109865888597 ] ] ] } },
{ "type": "Feature", "properties": { "id": 1, "oneway": "no", "highway": "service", "junction": null, "wheelchair": null, "level": null, "name": null, "roundabout": null, "footway": null, "layer": "estradas_unipe", "path": "C:/Users/ACER/Desktop/mapa_unipe/estradas_unipe.shp" }, "geometry": { "type": "MultiLineString", "coordinates": [ [ [ -34.853591728023183, -7.159037162733016 ], [ -34.85352191330351, -7.158906276356613 ], [ -34.853488438784552, -7.158845306507566 ], [ -34.853481189762491, -7.158806800707119 ] ] ] } },
{ "type": "Feature", "properties": { "id": 1, "oneway": "no", "highway": "service", "junction": null, "wheelchair": null, "level": null, "name": null, "roundabout": null, "footway": null, "layer": "estradas_unipe", "path": "C:/Users/ACER/Desktop/mapa_unipe/estradas_unipe.shp" }, "geometry": { "type": "MultiLineString", "coordinates": [ [ [ -34.853598293560033, -7.158805689589077 ], [ -34.853591728023183, -7.159037162733016 ] ] ] } },
{ "type": "Feature", "properties": { "id": 1, "oneway": "no", "highway": "service", "junction": null, "wheelchair": null, "level": null, "name": null, "roundabout": null, "footway": null, "layer": "estradas_unipe", "path": "C:/Users/ACER/Desktop/mapa_unipe/estradas_unipe.shp" }, "geometry": { "type": "MultiLineString", "coordinates": [ [ [ -34.853289806841381, -7.158787339426917 ], [ -34.85343581601628, -7.158728824028785 ] ] ] } },
{ "type": "Feature", "properties": { "id": 1, "oneway": "no", "highway": "service", "junction": null, "wheelchair": null, "level": null, "name": null, "roundabout": null, "footway": null, "layer": "estradas_unipe", "path": "C:/Users/ACER/Desktop/mapa_unipe/estradas_unipe.shp" }, "geometry": { "type": "MultiLineString", "coordinates": [ [ [ -34.853481189762491, -7.158806800707119 ], [ -34.853263505632235, -7.158797656883486 ] ] ] } },
{ "type": "Feature", "properties": { "id": 1, "oneway": "no", "highway": "service", "junction": null, "wheelchair": null, "level": null, "name": null, "roundabout": null, "footway": null, "layer": "estradas_unipe", "path": "C:/Users/ACER/Desktop/mapa_unipe/estradas_unipe.shp" }, "geometry": { "type": "MultiLineString", "coordinates": [ [ [ -34.853767747266701, -7.158723289304904 ], [ -34.85361986231063, -7.158785236381278 ] ] ] } },
{ "type": "Feature", "properties": { "id": 1, "oneway": "no", "highway": "service", "junction": null, "wheelchair": null, "level": null, "name": null, "roundabout": null, "footway": null, "layer": "estradas_unipe", "path": "C:/Users/ACER/Desktop/mapa_unipe/estradas_unipe.shp" }, "geometry": { "type": "MultiLineString", "coordinates": [ [ [ -34.853632242907722, -7.158678052772074 ], [ -34.853767747266701, -7.158723289304904 ] ] ] } },
{ "type": "Feature", "properties": { "id": 1, "oneway": "no", "highway": "service", "junction": null, "wheelchair": null, "level": null, "name": null, "roundabout": null, "footway": null, "layer": "estradas_unipe", "path": "C:/Users/ACER/Desktop/mapa_unipe/estradas_unipe.shp" }, "geometry": { "type": "MultiLineString", "coordinates": [ [ [ -34.853643351731122, -7.15851999772602 ], [ -34.853610835594196, -7.158648310286235 ] ] ] } },
{ "type": "Feature", "properties": { "id": 1, "oneway": "no", "highway": "service", "junction": null, "wheelchair": null, "level": null, "name": null, "roundabout": null, "footway": null, "layer": "estradas_unipe", "path": "C:/Users/ACER/Desktop/mapa_unipe/estradas_unipe.shp" }, "geometry": { "type": "MultiLineString", "coordinates": [ [ [ -34.853529609579304, -7.158619703720444 ], [ -34.853643351731122, -7.15851999772602 ] ] ] } },
{ "type": "Feature", "properties": { "id": 1, "oneway": "no", "highway": "service", "junction": null, "wheelchair": null, "level": null, "name": null, "roundabout": null, "footway": null, "layer": "estradas_unipe", "path": "C:/Users/ACER/Desktop/mapa_unipe/estradas_unipe.shp" }, "geometry": { "type": "MultiLineString", "coordinates": [ [ [ -34.853588104646299, -7.159571832054079 ], [ -34.853617663052042, -7.159645314026811 ] ] ] } },
{ "type": "Feature", "properties": { "id": 1, "oneway": "no", "highway": "service", "junction": null, "wheelchair": null, "level": null, "name": null, "roundabout": null, "footway": null, "layer": "estradas_unipe", "path": "C:/Users/ACER/Desktop/mapa_unipe/estradas_unipe.shp" }, "geometry": { "type": "MultiLineString", "coordinates": [ [ [ -34.853561055500123, -7.159631402572323 ], [ -34.853588104646299, -7.159571832054079 ] ] ] } },
{ "type": "Feature", "properties": { "id": 1, "oneway": "no", "highway": "service", "junction": null, "wheelchair": null, "level": null, "name": null, "roundabout": null, "footway": null, "layer": "estradas_unipe", "path": "C:/Users/ACER/Desktop/mapa_unipe/estradas_unipe.shp" }, "geometry": { "type": "MultiLineString", "coordinates": [ [ [ -34.85356892801925, -7.159781957501568 ], [ -34.853550134754755, -7.159723717084404 ] ] ] } },
{ "type": "Feature", "properties": { "id": 1, "oneway": "no", "highway": "service", "junction": null, "wheelchair": null, "level": null, "name": null, "roundabout": null, "footway": null, "layer": "estradas_unipe", "path": "C:/Users/ACER/Desktop/mapa_unipe/estradas_unipe.shp" }, "geometry": { "type": "MultiLineString", "coordinates": [ [ [ -34.85359130858015, -7.159730844571333 ], [ -34.85356892801925, -7.159781957501568 ] ] ] } },
{ "type": "Feature", "properties": { "id": 1, "oneway": "no", "highway": "service", "junction": null, "wheelchair": null, "level": null, "name": null, "roundabout": null, "footway": null, "layer": "estradas_unipe", "path": "C:/Users/ACER/Desktop/mapa_unipe/estradas_unipe.shp" }, "geometry": { "type": "MultiLineString", "coordinates": [ [ [ -34.853468339096629, -7.159674020690541 ], [ -34.853535515728694, -7.159650299196138 ] ] ] } },
{ "type": "Feature", "properties": { "id": 1, "oneway": "no", "highway": "service", "junction": null, "wheelchair": null, "level": null, "name": null, "roundabout": null, "footway": null, "layer": "estradas_unipe", "path": "C:/Users/ACER/Desktop/mapa_unipe/estradas_unipe.shp" }, "geometry": { "type": "MultiLineString", "coordinates": [ [ [ -34.853536594511098, -7.159711620696052 ], [ -34.853468339096629, -7.159674020690541 ] ] ] } },
{ "type": "Feature", "properties": { "id": 1, "oneway": "no", "highway": "service", "junction": null, "wheelchair": null, "level": null, "name": null, "roundabout": null, "footway": null, "layer": "estradas_unipe", "path": "C:/Users/ACER/Desktop/mapa_unipe/estradas_unipe.shp" }, "geometry": { "type": "MultiLineString", "coordinates": [ [ [ -34.853531424494967, -7.160429208185251 ], [ -34.853592386915771, -7.160510107385932 ] ] ] } },
{ "type": "Feature", "properties": { "id": 1, "oneway": "no", "highway": "service", "junction": null, "wheelchair": null, "level": null, "name": null, "roundabout": null, "footway": null, "layer": "estradas_unipe", "path": "C:/Users/ACER/Desktop/mapa_unipe/estradas_unipe.shp" }, "geometry": { "type": "MultiLineString", "coordinates": [ [ [ -34.853465016069151, -7.1605079011399 ], [ -34.853531424494967, -7.160429208185251 ] ] ] } },
{ "type": "Feature", "properties": { "id": 1, "oneway": "no", "highway": "service", "junction": null, "wheelchair": null, "level": null, "name": null, "roundabout": null, "footway": null, "layer": "estradas_unipe", "path": "C:/Users/ACER/Desktop/mapa_unipe/estradas_unipe.shp" }, "geometry": { "type": "MultiLineString", "coordinates": [ [ [ -34.853420072971623, -7.160643356410251 ], [ -34.853437524528495, -7.16057063206258 ] ] ] } },
{ "type": "Feature", "properties": { "id": 1, "oneway": "no", "highway": "service", "junction": null, "wheelchair": null, "level": null, "name": null, "roundabout": null, "footway": null, "layer": "estradas_unipe", "path": "C:/Users/ACER/Desktop/mapa_unipe/estradas_unipe.shp" }, "geometry": { "type": "MultiLineString", "coordinates": [ [ [ -34.853474642376582, -7.160644500572256 ], [ -34.853420072971623, -7.160643356410251 ] ] ] } },
{ "type": "Feature", "properties": { "id": 1, "oneway": "no", "highway": "service", "junction": null, "wheelchair": null, "level": null, "name": null, "roundabout": null, "footway": null, "layer": "estradas_unipe", "path": "C:/Users/ACER/Desktop/mapa_unipe/estradas_unipe.shp" }, "geometry": { "type": "MultiLineString", "coordinates": [ [ [ -34.853122933321352, -7.160789838107852 ], [ -34.853063778631594, -7.160844403930608 ] ] ] } },
{ "type": "Feature", "properties": { "id": 1, "oneway": "no", "highway": "service", "junction": null, "wheelchair": null, "level": null, "name": null, "roundabout": null, "footway": null, "layer": "estradas_unipe", "path": "C:/Users/ACER/Desktop/mapa_unipe/estradas_unipe.shp" }, "geometry": { "type": "MultiLineString", "coordinates": [ [ [ -34.853047044295195, -7.160776798289071 ], [ -34.853122933321352, -7.160789838107852 ] ] ] } },
{ "type": "Feature", "properties": { "id": 2, "oneway": "no", "highway": "service", "junction": null, "wheelchair": null, "level": null, "name": null, "roundabout": null, "footway": null, "layer": "estradas_unipe", "path": "C:/Users/ACER/Desktop/mapa_unipe/estradas_unipe.shp" }, "geometry": { "type": "MultiLineString", "coordinates": [ [ [ -34.854627200615766, -7.160851795407444 ], [ -34.854848866478243, -7.160017287459652 ] ] ] } },
{ "type": "Feature", "properties": { "id": null, "oneway": null, "highway": "footway", "junction": null, "wheelchair": null, "level": null, "name": null, "roundabout": null, "footway": "crossing", "layer": "faixa_pedestre_unipe", "path": "C:/Users/ACER/Desktop/mapa_unipe/faixa_pedestre_unipe.shp" }, "geometry": { "type": "MultiLineString", "coordinates": [ [ [ -34.854885649254726, -7.159052395218362 ], [ -34.854894135182747, -7.159017058994479 ], [ -34.854902404354974, -7.158982304579978 ] ] ] } },
{ "type": "Feature", "properties": { "id": null, "oneway": null, "highway": "footway", "junction": null, "wheelchair": null, "level": null, "name": null, "roundabout": null, "footway": "crossing", "layer": "faixa_pedestre_unipe", "path": "C:/Users/ACER/Desktop/mapa_unipe/faixa_pedestre_unipe.shp" }, "geometry": { "type": "MultiLineString", "coordinates": [ [ [ -34.854640233333001, -7.159926200309173 ], [ -34.854630992707015, -7.159960646068862 ], [ -34.854621624265732, -7.159995074294027 ] ] ] } },
{ "type": "Feature", "properties": { "id": null, "oneway": null, "highway": "footway", "junction": null, "wheelchair": null, "level": null, "name": null, "roundabout": null, "footway": "crossing", "layer": "faixa_pedestre_unipe", "path": "C:/Users/ACER/Desktop/mapa_unipe/faixa_pedestre_unipe.shp" }, "geometry": { "type": "MultiLineString", "coordinates": [ [ [ -34.853872989841371, -7.159726764920691 ], [ -34.853864403511999, -7.159761653998356 ], [ -34.853856059558638, -7.159795506877304 ] ] ] } },
{ "type": "Feature", "properties": { "id": null, "oneway": null, "highway": "footway", "junction": null, "wheelchair": null, "level": null, "name": null, "roundabout": null, "footway": "crossing", "layer": "faixa_pedestre_unipe", "path": "C:/Users/ACER/Desktop/mapa_unipe/faixa_pedestre_unipe.shp" }, "geometry": { "type": "MultiLineString", "coordinates": [ [ [ -34.855410872757162, -7.159452721857963 ], [ -34.855406004883577, -7.159455658495045 ], [ -34.855374824525107, -7.159448903101212 ], [ -34.855339650784394, -7.159441283741754 ] ] ] } },
{ "type": "Feature", "properties": { "id": null, "oneway": null, "highway": "footway", "junction": null, "wheelchair": null, "level": null, "name": null, "roundabout": null, "footway": "crossing", "layer": "faixa_pedestre_unipe", "path": "C:/Users/ACER/Desktop/mapa_unipe/faixa_pedestre_unipe.shp" }, "geometry": { "type": "MultiLineString", "coordinates": [ [ [ -34.854349448233187, -7.158075504645825 ], [ -34.854356224080952, -7.158040413083948 ], [ -34.854363198303325, -7.158005372837795 ] ] ] } },
{ "type": "Feature", "properties": { "id": null, "oneway": null, "highway": "footway", "junction": null, "wheelchair": null, "level": null, "name": null, "roundabout": null, "footway": "crossing", "layer": "faixa_pedestre_unipe", "path": "C:/Users/ACER/Desktop/mapa_unipe/faixa_pedestre_unipe.shp" }, "geometry": { "type": "MultiLineString", "coordinates": [ [ [ -34.85287276987706, -7.159274516947493 ], [ -34.852896505635414, -7.159261168991634 ], [ -34.852927287329535, -7.1592422808131 ] ] ] } },
{ "type": "Feature", "properties": { "id": null, "oneway": null, "highway": "footway", "junction": null, "wheelchair": null, "level": null, "name": null, "roundabout": null, "footway": "crossing", "layer": "faixa_pedestre_unipe", "path": "C:/Users/ACER/Desktop/mapa_unipe/faixa_pedestre_unipe.shp" }, "geometry": { "type": "MultiLineString", "coordinates": [ [ [ -34.85292467006267, -7.159179112273379 ], [ -34.85290975326965, -7.159145172400668 ], [ -34.85289453537824, -7.159111239315946 ] ] ] } },
{ "type": "Feature", "properties": { "id": null, "oneway": null, "highway": "footway", "junction": null, "wheelchair": null, "level": null, "name": null, "roundabout": null, "footway": "crossing", "layer": "faixa_pedestre_unipe", "path": "C:/Users/ACER/Desktop/mapa_unipe/faixa_pedestre_unipe.shp" }, "geometry": { "type": "MultiLineString", "coordinates": [ [ [ -34.852826145337616, -7.159038989395444 ], [ -34.852808280510658, -7.159007730698909 ], [ -34.852790694570139, -7.158977264922985 ] ] ] } },
{ "type": "Feature", "properties": { "id": null, "oneway": null, "highway": "footway", "junction": null, "wheelchair": null, "level": null, "name": null, "roundabout": null, "footway": "crossing", "layer": "faixa_pedestre_unipe", "path": "C:/Users/ACER/Desktop/mapa_unipe/faixa_pedestre_unipe.shp" }, "geometry": { "type": "MultiLineString", "coordinates": [ [ [ -34.852769593435134, -7.158944358724069 ], [ -34.852747609541247, -7.158914254063247 ], [ -34.852723523836993, -7.158886883772378 ] ] ] } },
{ "type": "Feature", "properties": { "id": null, "oneway": null, "highway": "footway", "junction": null, "wheelchair": null, "level": null, "name": null, "roundabout": null, "footway": "crossing", "layer": "faixa_pedestre_unipe", "path": "C:/Users/ACER/Desktop/mapa_unipe/faixa_pedestre_unipe.shp" }, "geometry": { "type": "MultiLineString", "coordinates": [ [ [ -34.853565699066124, -7.160417520493763 ], [ -34.853532975673183, -7.16041410544587 ], [ -34.853500253565954, -7.160410690706753 ] ] ] } },
{ "type": "Feature", "properties": { "id": null, "oneway": null, "highway": "footway", "junction": null, "wheelchair": null, "level": null, "name": null, "roundabout": null, "footway": "crossing", "layer": "faixa_pedestre_unipe", "path": "C:/Users/ACER/Desktop/mapa_unipe/faixa_pedestre_unipe.shp" }, "geometry": { "type": "MultiLineString", "coordinates": [ [ [ -34.854198957367039, -7.160779797897481 ], [ -34.854207664251341, -7.16074520724827 ], [ -34.854216306674466, -7.160711494672012 ] ] ] } },
{ "type": "Feature", "properties": { "id": null, "oneway": null, "highway": "footway", "junction": null, "wheelchair": null, "level": null, "name": null, "roundabout": null, "footway": "crossing", "layer": "faixa_pedestre_unipe", "path": "C:/Users/ACER/Desktop/mapa_unipe/faixa_pedestre_unipe.shp" }, "geometry": { "type": "MultiLineString", "coordinates": [ [ [ -34.854877833737746, -7.160948417223018 ], [ -34.854887724592579, -7.160916109181376 ], [ -34.854894375328733, -7.160894384843403 ] ] ] } },
{ "type": "Feature", "properties": { "id": null, "oneway": null, "highway": "footway", "junction": null, "wheelchair": null, "level": null, "name": null, "roundabout": null, "footway": "crossing", "layer": "faixa_pedestre_unipe", "path": "C:/Users/ACER/Desktop/mapa_unipe/faixa_pedestre_unipe.shp" }, "geometry": { "type": "MultiLineString", "coordinates": [ [ [ -34.855772613000894, -7.158123545584304 ], [ -34.855780510682749, -7.158090113428139 ], [ -34.855788020142789, -7.158058324675044 ] ] ] } },
{ "type": "Feature", "properties": { "id": null, "oneway": null, "highway": "footway", "junction": null, "wheelchair": null, "level": null, "name": null, "roundabout": null, "footway": "crossing", "layer": "faixa_pedestre_unipe", "path": "C:/Users/ACER/Desktop/mapa_unipe/faixa_pedestre_unipe.shp" }, "geometry": { "type": "MultiLineString", "coordinates": [ [ [ -34.855916608479781, -7.157923147343439 ], [ -34.8558841487081, -7.157914489602586 ], [ -34.855847468346646, -7.157904706136657 ] ] ] } },
{ "type": "Feature", "properties": { "id": null, "oneway": null, "highway": "footway", "junction": null, "wheelchair": null, "level": null, "name": null, "roundabout": null, "footway": "crossing", "layer": "faixa_pedestre_unipe", "path": "C:/Users/ACER/Desktop/mapa_unipe/faixa_pedestre_unipe.shp" }, "geometry": { "type": "MultiLineString", "coordinates": [ [ [ -34.857585636424623, -7.159341642735033 ], [ -34.857568682113644, -7.159312484384386 ], [ -34.857552181521491, -7.159284106346319 ] ] ] } },
{ "type": "Feature", "properties": { "id": null, "oneway": null, "highway": "footway", "junction": null, "wheelchair": null, "level": null, "name": null, "roundabout": null, "footway": "crossing", "layer": "faixa_pedestre_unipe", "path": "C:/Users/ACER/Desktop/mapa_unipe/faixa_pedestre_unipe.shp" }, "geometry": { "type": "MultiLineString", "coordinates": [ [ [ -34.854106796512497, -7.158848790979375 ], [ -34.854114429673437, -7.158814705793183 ], [ -34.854122395729313, -7.158779130948115 ] ] ] } },
{ "type": "Feature", "properties": { "id": null, "oneway": null, "highway": "footway", "junction": null, "wheelchair": null, "level": null, "name": null, "roundabout": null, "footway": "crossing", "layer": "faixa_pedestre_unipe", "path": "C:/Users/ACER/Desktop/mapa_unipe/faixa_pedestre_unipe.shp" }, "geometry": { "type": "MultiLineString", "coordinates": [ [ [ -34.853626136429668, -7.159261841874051 ], [ -34.853590210305391, -7.159261118849665 ], [ -34.853554167767214, -7.159260393482413 ] ] ] } }
]
}
